ID,LABEL
0,51
1,92
2,14
3,71
4,60
5,20
6,82
7,86
8,74
9,74
10,87
11,99
12,23
13,2
14,21
15,52
16,1
17,87
18,29
19,37
20,1
21,63
22,59
23,20
24,32
25,75
26,57
27,21
28,88
29,48
30,90
31,58
32,41
33,91
34,59
35,79
36,14
37,61
38,61
39,46
40,61
41,50
42,54
43,63
44,2
45,50
46,6
47,20
48,72
49,38
50,17
51,3
52,88
53,59
54,13
55,8
56,89
57,52
58,1
59,83
60,91
61,59
62,70
63,43
64,7
65,46
66,34
67,77
68,80
69,35
70,49
71,3
72,1
73,5
74,53
75,3
76,53
77,92
78,62
79,17
80,89
81,43
82,33
83,73
84,61
85,99
86,13
87,94
88,47
89,14
90,71
91,77
92,86
93,61
94,39
95,84
96,79
97,81
98,52
99,23
100,25
101,88
102,59
103,40
104,28
105,14
106,44
107,64
108,88
109,70
110,8
111,87
112,0
113,7
114,87
115,62
116,10
117,80
118,7
119,34
120,34
121,32
122,4
123,40
124,27
125,6
126,72
127,71
128,11
129,33
130,32
131,47
132,22
133,61
134,87
135,36
136,98
137,43
138,85
139,90
140,34
141,64
142,98
143,46
144,77
145,2
146,0
147,4
148,89
149,13
150,26
151,8
152,78
153,14
154,89
155,41
156,76
157,50
158,62
159,95
160,51
161,95
162,3
163,93
164,22
165,14
166,42
167,28
168,35
169,12
170,31
171,70
172,58
173,85
174,27
175,65
176,41
177,44
178,61
179,56
180,5
181,27
182,27
183,43
184,83
185,29
186,61
187,74
188,91
189,88
190,61
191,96
192,0
193,26
194,61
195,76
196,2
197,69
198,71
199,26
200,8
201,61
202,36
203,96
204,50
205,43
206,23
207,78
208,58
209,31
210,95
211,87
212,51
213,61
214,57
215,51
216,11
217,38
218,1
219,2
220,55
221,80
222,58
223,1
224,1
225,91
226,53
227,86
228,95
229,96
230,0
231,18
232,1
233,52
234,43
235,89
236,31
237,69
238,31
239,67
240,54
241,74
242,55
243,16
244,37
245,23
246,68
247,97
248,69
249,85
250,10
251,15
252,96
253,72
254,58
255,69
256,79
257,92
258,2
259,19
260,58
261,35
262,18
263,89
264,66
265,18
266,19
267,95
268,70
269,51
270,32
271,39
272,38
273,81
274,0
275,10
276,91
277,56
278,88
279,49
280,22
281,30
282,93
283,41
284,98
285,6
286,15
287,89
288,59
289,1
290,0
291,47
292,11
293,68
294,36
295,31
296,8
297,98
298,18
299,47
300,79
301,2
302,19
303,23
304,53
305,32
306,23
307,74
308,71
309,35
310,37
311,83
312,98
313,88
314,98
315,24
316,92
317,17
318,81
319,65
320,53
321,34
322,79
323,60
324,40
325,99
326,32
327,67
328,32
329,13
330,20
331,47
332,19
333,7
334,6
335,66
336,16
337,32
338,47
339,75
340,58
341,85
342,21
343,29
344,37
345,50
346,53
347,7
348,26
349,26
350,97
351,20
352,29
353,96
354,27
355,63
356,96
357,68
358,60
359,47
360,18
361,3
362,34
363,63
364,48
365,16
366,43
367,91
368,29
369,92
370,45
371,5
372,98
373,36
374,23
375,92
376,45
377,52
378,94
379,98
380,59
381,96
382,62
383,84
384,31
385,86
386,32
387,66
388,17
389,24
390,94
391,53
392,57
393,66
394,45
395,23
396,31
397,46
398,85
399,22
400,65
401,26
402,1
403,89
404,16
405,32
406,8
407,42
408,47
409,38
410,92
411,41
412,25
413,98
414,49
415,24
416,23
417,12
418,59
419,6
420,56
421,35
422,44
423,19
424,64
425,7
426,15
427,13
428,75
429,86
430,14
431,91
432,97
433,65
434,31
435,86
436,62
437,85
438,50
439,24
440,57
441,62
442,61
443,21
444,57
445,57
446,85
447,48
448,51
449,41
450,69
451,14
452,53
453,59
454,96
455,7
456,52
457,59
458,4
459,67
460,5
461,95
462,93
463,46
464,98
465,54
466,39
467,51
468,15
469,12
470,29
471,18
472,16
473,62
474,18
475,91
476,57
477,54
478,89
479,89
480,61
481,22
482,8
483,11
484,0
485,57
486,0
487,33
488,95
489,47
490,88
491,0
492,15
493,60
494,63
495,62
496,68
497,21
498,92
499,66
500,75
501,25
502,15
503,50
504,85
505,56
506,28
507,77
508,91
509,68
510,46
511,93
512,61
513,68
514,75
515,15
516,89
517,89
518,47
519,84
520,38
521,99
522,32
523,93
524,22
525,9
526,68
527,99
528,33
529,51
530,94
531,9
532,18
533,57
534,95
535,0
536,68
537,3
538,15
539,23
540,79
541,1
542,91
543,31
544,90
545,83
546,23
547,11
548,49
549,34
550,32
551,32
552,60
553,50
554,42
555,11
556,66
557,64
558,32
559,39
560,73
561,42
562,43
563,28
564,12
565,11
566,94
567,45
568,1
569,34
570,86
571,80
572,89
573,7
574,92
575,25
576,73
577,89
578,33
579,6
580,67
581,57
582,74
583,28
584,35
585,88
586,20
587,35
588,9
589,72
590,23
591,63
592,98
593,48
594,98
595,35
596,81
597,95
598,23
599,22
600,61
601,95
602,36
603,11
604,54
605,12
606,22
607,88
608,98
609,29
610,16
611,61
612,83
613,88
614,85
615,12
616,58
617,18
618,48
619,99
620,11
621,60
622,18
623,75
624,8
625,70
626,27
627,77
628,94
629,51
630,82
631,15
632,68
633,98
634,11
635,24
636,51
637,84
638,99
639,52
640,22
641,15
642,56
643,38
644,52
645,41
646,57
647,38
648,13
649,94
650,4
651,34
652,86
653,92
654,74
655,17
656,75
657,8
658,73
659,57
660,16
661,6
662,45
663,12
664,39
665,41
666,8
667,49
668,26
669,65
670,4
671,28
672,36
673,37
674,82
675,7
676,64
677,85
678,16
679,70
680,88
681,44
682,3
683,35
684,69
685,30
686,18
687,60
688,53
689,38
690,90
691,73
692,89
693,18
694,38
695,66
696,44
697,12
698,91
699,57
700,19
701,91
702,71
703,60
704,38
705,0
706,2
707,76
708,91
709,61
710,62
711,24
712,55
713,32
714,37
715,5
716,57
717,43
718,44
719,31
720,44
721,60
722,46
723,20
724,79
725,84
726,74
727,35
728,98
729,18
730,19
731,56
732,17
733,46
734,48
735,13
736,14
737,30
738,0
739,53
740,2
741,15
742,86
743,56
744,74
745,11
746,73
747,95
748,15
749,71
750,75
751,23
752,27
753,7
754,91
755,35
756,89
757,7
758,57
759,59
760,49
761,27
762,91
763,40
764,99
765,63
766,26
767,62
768,16
769,72
770,32
771,83
772,76
773,91
774,28
775,12
776,45
777,34
778,5
779,81
780,68
781,46
782,24
783,65
784,9
785,55
786,29
787,4
788,32
789,64
790,17
791,95
792,48
793,10
794,84
795,25
796,62
797,88
798,85
799,58
800,26
801,48
802,76
803,32
804,97
805,98
806,0
807,20
808,54
809,5
810,91
811,80
812,68
813,94
814,4
815,2
816,52
817,22
818,52
819,36
820,73
821,73
822,82
823,16
824,84
825,77
826,72
827,0
828,50
829,44
830,76
831,3
832,61
833,64
834,31
835,33
836,91
837,94
838,71
839,38
840,25
841,33
842,53
843,2
844,49
845,11
846,64
847,53
848,4
849,93
850,93
851,56
852,16
853,46
854,22
855,78
856,84
857,13
858,65
859,74
860,50
861,37
862,63
863,97
864,37
865,49
866,97
867,81
868,29
869,78
870,90
871,50
872,62
873,97
874,51
875,37
876,96
877,87
878,78
879,29
880,50
881,80
882,4
883,28
884,3
885,9
886,55
887,16
888,73
889,16
890,83
891,87
892,68
893,33
894,5
895,52
896,65
897,76
898,42
899,74
900,22
901,54
902,79
903,94
904,74
905,15
906,7
907,3
908,3
909,55
910,24
911,66
912,95
913,66
914,26
915,92
916,31
917,49
918,60
919,50
920,18
921,20
922,4
923,81
924,91
925,41
926,60
927,21
928,20
929,69
930,0
931,4
932,11
933,89
934,45
935,33
936,48
937,77
938,89
939,44
940,26
941,72
942,25
943,46
944,85
945,55
946,93
947,62
948,47
949,60
950,80
951,25
952,35
953,0
954,7
955,98
956,51
957,78
958,46
959,55
960,85
961,13
962,89
963,27
964,86
965,77
966,87
967,1
968,25
969,13
970,58
971,55
972,6
973,2
974,22
975,17
976,37
977,98
978,14
979,63
980,88
981,27
982,73
983,38
984,56
985,16
986,85
987,89
988,43
989,24
990,16
991,12
992,83
993,24
994,67
995,9
996,66
997,17
998,99
999,85
1000,33
1001,7
1002,39
1003,82
1004,41
1005,40
1006,5
1007,51
1008,25
1009,63
1010,97
1011,58
1012,55
1013,58
1014,69
1015,32
1016,52
1017,21
1018,20
1019,69
1020,69
1021,3
1022,93
1023,74
1024,61
1025,61
1026,93
1027,94
1028,23
1029,54
1030,8
1031,2
1032,30
1033,39
1034,35
1035,23
1036,94
1037,5
1038,65
1039,83
1040,91
1041,74
1042,3
1043,78
1044,5
1045,93
1046,50
1047,61
1048,56
1049,65
1050,78
1051,74
1052,7
1053,25
1054,50
1055,44
1056,43
1057,4
1058,69
1059,25
1060,67
1061,18
1062,83
1063,96
1064,19
1065,11
1066,46
1067,0
1068,89
1069,13
1070,63
1071,37
1072,36
1073,10
1074,99
1075,76
1076,2
1077,32
1078,5
1079,49
1080,9
1081,4
1082,22
1083,9
1084,43
1085,1
1086,12
1087,39
1088,1
1089,83
1090,64
1091,62
1092,72
1093,16
1094,8
1095,74
1096,14
1097,23
1098,37
1099,34
1100,93
1101,94
1102,48
1103,68
1104,61
1105,59
1106,49
1107,77
1108,74
1109,8
1110,33
1111,75
1112,98
1113,34
1114,0
1115,39
1116,63
1117,21
1118,59
1119,63
1120,92
1121,71
1122,10
1123,13
1124,59
1125,29
1126,34
1127,84
1128,36
1129,4
1130,82
1131,77
1132,25
1133,61
1134,3
1135,88
1136,41
1137,88
1138,17
1139,39
1140,71
1141,38
1142,13
1143,31
1144,50
1145,37
1146,96
1147,22
1148,62
1149,14
1150,96
1151,24
1152,16
1153,96
1154,65
1155,77
1156,52
1157,50
1158,38
1159,50
1160,69
1161,5
1162,66
1163,6
1164,50
1165,71
1166,41
1167,63
1168,14
1169,28
1170,32
1171,93
1172,26
1173,35
1174,28
1175,37
1176,56
1177,96
1178,26
1179,54
1180,32
1181,67
1182,85
1183,65
1184,9
1185,4
1186,73
1187,96
1188,37
1189,12
1190,30
1191,46
1192,99
1193,87
1194,51
1195,55
1196,14
1197,28
1198,7
1199,4
1200,28
1201,46
1202,67
1203,75
1204,44
1205,1
1206,26
1207,94
1208,35
1209,35
1210,25
1211,42
1212,26
1213,68
1214,19
1215,10
1216,73
1217,37
1218,5
1219,71
1220,22
1221,46
1222,89
1223,45
1224,11
1225,89
1226,12
1227,61
1228,81
1229,88
1230,96
1231,59
1232,42
1233,75
1234,99
1235,67
1236,4
1237,36
1238,71
1239,91
1240,30
1241,8
1242,50
1243,28
1244,77
1245,39
1246,40
1247,85
1248,10
1249,22
1250,0
1251,45
1252,20
1253,89
1254,35
1255,53
1256,86
1257,56
1258,0
1259,62
1260,53
1261,54
1262,39
1263,14
1264,20
1265,46
1266,72
1267,52
1268,8
1269,73
1270,51
1271,56
1272,25
1273,40
1274,34
1275,62
1276,24
1277,89
1278,74
1279,37
1280,1
1281,6
1282,81
1283,90
1284,33
1285,90
1286,16
1287,42
1288,58
1289,50
1290,53
1291,23
1292,24
1293,70
1294,51
1295,69
1296,87
1297,32
1298,48
1299,28
1300,62
1301,21
1302,25
1303,27
1304,84
1305,48
1306,70
1307,80
1308,83
1309,48
1310,19
1311,85
1312,91
1313,62
1314,60
1315,48
1316,70
1317,0
1318,95
1319,12
1320,93
1321,86
1322,50
1323,55
1324,82
1325,61
1326,31
1327,29
1328,28
1329,48
1330,44
1331,92
1332,29
1333,15
1334,39
1335,18
1336,17
1337,0
1338,77
1339,46
1340,65
1341,91
1342,93
1343,37
1344,50
1345,62
1346,3
1347,0
1348,7
1349,28
1350,54
1351,2
1352,31
1353,9
1354,73
1355,82
1356,33
1357,96
1358,86
1359,54
1360,91
1361,31
1362,49
1363,6
1364,92
1365,7
1366,64
1367,56
1368,66
1369,87
1370,86
1371,58
1372,71
1373,53
1374,66
1375,50
1376,96
1377,91
1378,7
1379,33
1380,34
1381,95
1382,87
1383,77
1384,31
1385,45
1386,15
1387,67
1388,36
1389,53
1390,84
1391,13
1392,94
1393,54
1394,47
1395,81
1396,6
1397,73
1398,6
1399,32
1400,22
1401,84
1402,18
1403,18
1404,35
1405,28
1406,59
1407,81
1408,1
1409,0
1410,46
1411,68
1412,19
1413,10
1414,1
1415,66
1416,86
1417,11
1418,19
1419,4
1420,36
1421,37
1422,93
1423,8
1424,97
1425,52
1426,43
1427,98
1428,85
1429,23
1430,80
1431,73
1432,29
1433,58
1434,86
1435,95
1436,80
1437,80
1438,13
1439,8
1440,39
1441,65
1442,24
1443,72
1444,21
1445,3
1446,25
1447,57
1448,28
1449,97
1450,86
1451,36
1452,74
1453,69
1454,17
1455,84
1456,41
1457,99
1458,40
1459,37
1460,33
1461,16
1462,36
1463,24
1464,75
1465,86
1466,85
1467,84
1468,26
1469,56
1470,30
1471,5
1472,90
1473,39
1474,97
1475,11
1476,52
1477,70
1478,9
1479,44
1480,16
1481,25
1482,84
1483,91
1484,61
1485,45
1486,63
1487,1
1488,53
1489,64
1490,50
1491,52
1492,35
1493,25
1494,28
1495,20
1496,10
1497,39
1498,10
1499,35
1500,58
1501,38
1502,98
1503,53
1504,97
1505,54
1506,23
1507,21
1508,68
1509,55
1510,32
1511,35
1512,19
1513,82
1514,98
1515,80
1516,61
1517,97
1518,72
1519,25
1520,65
1521,72
1522,72
1523,39
1524,16
1525,0
1526,88
1527,60
1528,42
1529,41
1530,24
1531,38
1532,34
1533,2
1534,43
1535,50
1536,93
1537,97
1538,11
1539,18
1540,43
1541,58
1542,48
1543,60
1544,16
1545,73
1546,56
1547,54
1548,46
1549,11
1550,61
1551,79
1552,87
1553,82
1554,7
1555,94
1556,20
1557,80
1558,86
1559,79
1560,69
1561,71
1562,24
1563,81
1564,88
1565,11
1566,14
1567,58
1568,25
1569,25
1570,46
1571,31
1572,9
1573,15
1574,70
1575,16
1576,22
1577,25
1578,84
1579,85
1580,6
1581,13
1582,78
1583,6
1584,8
1585,47
1586,71
1587,58
1588,86
1589,92
1590,81
1591,94
1592,93
1593,38
1594,98
1595,17
1596,58
1597,16
1598,13
1599,30
1600,23
1601,98
1602,59
1603,44
1604,97
1605,2
1606,36
1607,42
1608,39
1609,89
1610,54
1611,86
1612,38
1613,14
1614,3
1615,92
1616,85
1617,24
1618,12
1619,81
1620,32
1621,15
1622,41
1623,65
1624,54
1625,98
1626,41
1627,33
1628,29
1629,12
1630,12
1631,17
1632,31
1633,95
1634,98
1635,38
1636,45
1637,28
1638,61
1639,92
1640,61
1641,56
1642,15
1643,55
1644,9
1645,29
1646,24
1647,83
1648,4
1649,64
1650,93
1651,48
1652,2
1653,44
1654,13
1655,29
1656,67
1657,17
1658,61
1659,36
1660,24
1661,47
1662,64
1663,52
1664,78
1665,72
1666,14
1667,48
1668,87
1669,67
1670,11
1671,58
1672,36
1673,60
1674,42
1675,69
1676,38
1677,55
1678,62
1679,45
1680,87
1681,10
1682,61
1683,76
1684,97
1685,24
1686,70
1687,51
1688,3
1689,58
1690,71
1691,19
1692,92
1693,62
1694,53
1695,73
1696,97
1697,56
1698,89
1699,40
1700,2
1701,5
1702,4
1703,4
1704,53
1705,46
1706,86
1707,48
1708,8
1709,98
1710,19
1711,60
1712,34
1713,49
1714,81
1715,61
1716,16
1717,87
1718,2
1719,31
1720,98
1721,12
1722,88
1723,72
1724,67
1725,13
1726,97
1727,10
1728,55
1729,66
1730,91
1731,28
1732,8
1733,66
1734,24
1735,97
1736,75
1737,41
1738,8
1739,78
1740,39
1741,24
1742,4
1743,10
1744,58
1745,97
1746,87
1747,78
1748,37
1749,71
1750,4
1751,47
1752,89
1753,17
1754,69
1755,36
1756,59
1757,47
1758,76
1759,27
1760,68
1761,76
1762,80
1763,39
1764,44
1765,95
1766,61
1767,92
1768,57
1769,66
1770,55
1771,39
1772,97
1773,39
1774,90
1775,76
1776,32
1777,5
1778,87
1779,18
1780,79
1781,39
1782,91
1783,96
1784,58
1785,58
1786,47
1787,40
1788,12
1789,44
1790,88
1791,52
1792,41
1793,99
1794,62
1795,26
1796,37
1797,59
1798,6
1799,4
1800,44
1801,57
1802,30
1803,22
1804,41
1805,9
1806,31
1807,52
1808,29
1809,38
1810,30
1811,81
1812,99
1813,1
1814,77
1815,76
1816,92
1817,11
1818,38
1819,65
1820,95
1821,12
1822,45
1823,26
1824,16
1825,94
1826,97
1827,59
1828,63
1829,87
1830,34
1831,69
1832,82
1833,29
1834,70
1835,73
1836,95
1837,97
1838,62
1839,27
1840,59
1841,78
1842,93
1843,36
1844,92
1845,21
1846,67
1847,19
1848,95
1849,99
1850,67
1851,90
1852,63
1853,16
1854,11
1855,21
1856,16
1857,9
1858,64
1859,21
1860,89
1861,81
1862,49
1863,13
1864,63
1865,46
1866,28
1867,75
1868,35
1869,98
1870,51
1871,75
1872,6
1873,28
1874,10
1875,32
1876,5
1877,78
1878,31
1879,50
1880,74
1881,57
1882,86
1883,25
1884,97
1885,45
1886,97
1887,28
1888,3
1889,80
1890,98
1891,12
1892,38
1893,14
1894,28
1895,28
1896,74
1897,31
1898,1
1899,46
1900,77
1901,83
1902,21
1903,74
1904,26
1905,66
1906,80
1907,55
1908,91
1909,92
1910,20
1911,46
1912,79
1913,58
1914,83
1915,5
1916,18
1917,56
1918,68
1919,2
1920,0
1921,57
1922,37
1923,14
1924,33
1925,60
1926,34
1927,63
1928,24
1929,23
1930,11
1931,17
1932,14
1933,79
1934,26
1935,71
1936,59
1937,45
1938,88
1939,16
1940,92
1941,52
1942,7
1943,78
1944,26
1945,45
1946,49
1947,70
1948,2
1949,92
1950,63
1951,43
1952,52
1953,23
1954,59
1955,2
1956,19
1957,45
1958,14
1959,24
1960,93
1961,77
1962,70
1963,16
1964,83
1965,99
1966,8
1967,37
1968,47
1969,59
1970,62
1971,85
1972,1
1973,87
1974,71
1975,10
1976,63
1977,76
1978,80
1979,71
1980,20
1981,17
1982,93
1983,63
1984,81
1985,94
1986,37
1987,31
1988,10
1989,44
1990,88
1991,32
1992,40
1993,7
1994,10
1995,85
1996,50
1997,87
1998,40
1999,16
2000,75
2001,45
2002,31
2003,78
2004,79
2005,53
2006,85
2007,91
2008,19
2009,32
2010,73
2011,39
2012,31
2013,96
2014,1
2015,96
2016,32
2017,76
2018,29
2019,32
2020,76
2021,25
2022,21
2023,65
2024,37
2025,89
2026,45
2027,14
2028,97
2029,43
2030,48
2031,74
2032,60
2033,66
2034,5
2035,8
2036,5
2037,72
2038,94
2039,31
2040,40
2041,75
2042,7
2043,71
2044,49
2045,91
2046,61
2047,83
2048,61
2049,6
2050,74
2051,83
2052,79
2053,3
2054,5
2055,57
2056,21
2057,25
2058,2
2059,40
2060,59
2061,13
2062,74
2063,81
2064,11
2065,86
2066,11
2067,12
2068,24
2069,44
2070,18
2071,54
2072,99
2073,44
2074,7
2075,92
2076,52
2077,54
2078,31
2079,50
2080,43
2081,81
2082,69
2083,17
2084,82
2085,21
2086,36
2087,95
2088,55
2089,58
2090,2
2091,27
2092,73
2093,34
2094,60
2095,92
2096,53
2097,62
2098,78
2099,96
2100,6
2101,75
2102,48
2103,93
2104,84
2105,30
2106,57
2107,60
2108,23
2109,19
2110,36
2111,3
2112,91
2113,19
2114,59
2115,23
2116,49
2117,48
2118,50
2119,95
2120,35
2121,97
2122,99
2123,65
2124,78
2125,33
2126,35
2127,5
2128,38
2129,41
2130,57
2131,11
2132,2
2133,17
2134,39
2135,20
2136,14
2137,96
2138,98
2139,25
2140,7
2141,99
2142,93
2143,86
2144,41
2145,43
2146,13
2147,77
2148,1
2149,36
2150,68
2151,37
2152,40
2153,61
2154,59
2155,13
2156,88
2157,83
2158,1
2159,69
2160,16
2161,88
2162,27
2163,65
2164,34
2165,4
2166,64
2167,39
2168,75
2169,55
2170,35
2171,44
2172,22
2173,46
2174,30
2175,10
2176,9
2177,66
2178,13
2179,79
2180,73
2181,92
2182,9
2183,75
2184,93
2185,0
2186,4
2187,19
2188,7
2189,42
2190,75
2191,0
2192,56
2193,63
2194,83
2195,27
2196,36
2197,46
2198,75
2199,36
2200,48
2201,43
2202,55
2203,27
2204,78
2205,5
2206,60
2207,19
2208,77
2209,1
2210,72
2211,36
2212,19
2213,25
2214,28
2215,0
2216,34
2217,69
2218,58
2219,68
2220,32
2221,50
2222,77
2223,11
2224,19
2225,52
2226,87
2227,42
2228,97
2229,88
2230,49
2231,28
2232,56
2233,38
2234,94
2235,55
2236,42
2237,49
2238,22
2239,43
2240,37
2241,83
2242,22
2243,44
2244,51
2245,79
2246,49
2247,7
2248,84
2249,0
2250,7
2251,28
2252,95
2253,4
2254,85
2255,46
2256,33
2257,64
2258,54
2259,89
2260,42
2261,73
2262,29
2263,81
2264,16
2265,25
2266,7
2267,46
2268,75
2269,90
2270,71
2271,88
2272,45
2273,67
2274,32
2275,0
2276,18
2277,30
2278,79
2279,13
2280,52
2281,47
2282,68
2283,89
2284,61
2285,91
2286,65
2287,63
2288,69
2289,62
2290,72
2291,32
2292,40
2293,88
2294,47
2295,12
2296,72
2297,76
2298,30
2299,74
2300,67
2301,97
2302,3
2303,18
2304,69
2305,97
2306,81
2307,12
2308,22
2309,82
2310,74
2311,0
2312,87
2313,53
2314,70
2315,88
2316,84
2317,14
2318,64
2319,75
2320,70
2321,14
2322,20
2323,18
2324,59
2325,92
2326,88
2327,32
2328,48
2329,95
2330,34
2331,43
2332,89
2333,10
2334,98
2335,71
2336,77
2337,73
2338,65
2339,45
2340,8
2341,2
2342,84
2343,25
2344,71
2345,47
2346,65
2347,69
2348,27
2349,92
2350,25
2351,24
2352,11
2353,4
2354,97
2355,47
2356,36
2357,78
2358,43
2359,99
2360,14
2361,42
2362,47
2363,86
2364,69
2365,45
2366,42
2367,20
2368,22
2369,79
2370,46
2371,14
2372,24
2373,35
2374,74
2375,50
2376,14
2377,67
2378,20
2379,12
2380,85
2381,18
2382,33
2383,77
2384,67
2385,51
2386,26
2387,28
2388,27
2389,34
2390,7
2391,15
2392,35
2393,29
2394,17
2395,1
2396,48
2397,76
2398,3
2399,89
2400,88
2401,93
2402,74
2403,6
2404,94
2405,73
2406,38
2407,12
2408,30
2409,70
2410,62
2411,55
2412,41
2413,60
2414,41
2415,55
2416,35
2417,83
2418,67
2419,6
2420,53
2421,0
2422,43
2423,44
2424,46
2425,12
2426,21
2427,20
2428,85
2429,91
2430,8
2431,25
2432,8
2433,14
2434,9
2435,87
2436,41
2437,71
2438,23
2439,79
2440,48
2441,25
2442,90
2443,36
2444,67
2445,49
2446,23
2447,18
2448,99
2449,59
2450,38
2451,73
2452,88
2453,17
2454,18
2455,35
2456,73
2457,96
2458,54
2459,68
2460,46
2461,48
2462,98
2463,97
2464,32
2465,20
2466,80
2467,21
2468,47
2469,36
2470,14
2471,34
2472,91
2473,70
2474,31
2475,10
2476,9
2477,72
2478,77
2479,76
2480,56
2481,24
2482,1
2483,63
2484,34
2485,6
2486,84
2487,17
2488,66
2489,41
2490,38
2491,40
2492,74
2493,23
2494,59
2495,45
2496,18
2497,67
2498,89
2499,41
2500,31
2501,38
2502,35
2503,96
2504,35
2505,2
2506,72
2507,7
2508,96
2509,69
2510,40
2511,67
2512,12
2513,48
2514,59
2515,1
2516,59
2517,4
2518,43
2519,26
2520,31
2521,20
2522,7
2523,71
2524,49
2525,66
2526,43
2527,57
2528,2
2529,85
2530,69
2531,1
2532,86
2533,43
2534,1
2535,80
2536,34
2537,97
2538,86
2539,29
2540,7
2541,21
2542,43
2543,57
2544,35
2545,68
2546,76
2547,92
2548,30
2549,46
2550,54
2551,79
2552,61
2553,29
2554,54
2555,15
2556,11
2557,16
2558,15
2559,11
2560,7
2561,83
2562,2
2563,15
2564,29
2565,22
2566,91
2567,4
2568,83
2569,64
2570,29
2571,20
2572,83
2573,69
2574,21
2575,81
2576,71
2577,31
2578,32
2579,15
2580,75
2581,37
2582,97
2583,13
2584,35
2585,96
2586,22
2587,65
2588,84
2589,1
2590,90
2591,72
2592,64
2593,74
2594,66
2595,51
2596,61
2597,22
2598,25
2599,67
2600,81
2601,54
2602,5
2603,34
2604,21
2605,42
2606,14
2607,85
2608,59
2609,11
2610,48
2611,41
2612,37
2613,81
2614,44
2615,34
2616,29
2617,87
2618,29
2619,77
2620,5
2621,66
2622,79
2623,6
2624,51
2625,13
2626,72
2627,14
2628,20
2629,34
2630,65
2631,90
2632,1
2633,34
2634,81
2635,77
2636,19
2637,81
2638,9
2639,24
2640,65
2641,24
2642,53
2643,32
2644,35
2645,94
2646,13
2647,64
2648,79
2649,53
2650,51
2651,2
2652,98
2653,40
2654,5
2655,24
2656,12
2657,97
2658,7
2659,20
2660,97
2661,67
2662,24
2663,78
2664,67
2665,44
2666,59
2667,11
2668,31
2669,95
2670,91
2671,12
2672,30
2673,77
2674,19
2675,17
2676,92
2677,59
2678,62
2679,5
2680,31
2681,92
2682,42
2683,1
2684,59
2685,22
2686,82
2687,30
2688,4
2689,82
2690,33
2691,9
2692,88
2693,1
2694,10
2695,49
2696,30
2697,55
2698,78
2699,72
2700,86
2701,82
2702,8
2703,98
2704,20
2705,72
2706,27
2707,61
2708,6
2709,79
2710,15
2711,96
2712,3
2713,3
2714,39
2715,16
2716,51
2717,92
2718,51
2719,35
2720,37
2721,49
2722,62
2723,62
2724,61
2725,98
2726,6
2727,26
2728,91
2729,85
2730,13
2731,70
2732,85
2733,4
2734,54
2735,1
2736,61
2737,90
2738,20
2739,78
2740,20
2741,9
2742,86
2743,57
2744,38
2745,4
2746,64
2747,12
2748,84
2749,89
2750,84
2751,52
2752,81
2753,44
2754,31
2755,35
2756,80
2757,98
2758,59
2759,10
2760,62
2761,20
2762,51
2763,54
2764,25
2765,67
2766,33
2767,51
2768,81
2769,98
2770,92
2771,51
2772,28
2773,37
2774,41
2775,20
2776,41
2777,12
2778,63
2779,16
2780,8
2781,40
2782,0
2783,1
2784,59
2785,47
2786,28
2787,96
2788,9
2789,57
2790,59
2791,20
2792,27
2793,74
2794,33
2795,7
2796,58
2797,85
2798,71
2799,48
2800,78
2801,16
2802,59
2803,86
2804,87
2805,44
2806,82
2807,68
2808,31
2809,43
2810,64
2811,86
2812,7
2813,76
2814,71
2815,86
2816,42
2817,0
2818,50
2819,23
2820,98
2821,23
2822,16
2823,4
2824,19
2825,20
2826,57
2827,30
2828,99
2829,10
2830,51
2831,14
2832,82
2833,6
2834,27
2835,50
2836,57
2837,4
2838,4
2839,93
2840,95
2841,7
2842,63
2843,9
2844,37
2845,95
2846,91
2847,80
2848,94
2849,7
2850,24
2851,72
2852,65
2853,78
2854,49
2855,66
2856,48
2857,35
2858,67
2859,77
2860,40
2861,88
2862,61
2863,9
2864,20
2865,35
2866,11
2867,90
2868,1
2869,12
2870,52
2871,31
2872,94
2873,15
2874,31
2875,31
2876,97
2877,10
2878,9
2879,14
2880,16
2881,39
2882,17
2883,54
2884,72
2885,24
2886,58
2887,77
2888,88
2889,21
2890,29
2891,83
2892,84
2893,43
2894,31
2895,50
2896,45
2897,20
2898,98
2899,31
2900,93
2901,38
2902,11
2903,46
2904,17
2905,20
2906,12
2907,20
2908,7
2909,45
2910,6
2911,22
2912,95
2913,74
2914,85
2915,21
2916,88
2917,21
2918,91
2919,28
2920,12
2921,81
2922,1
2923,28
2924,84
2925,78
2926,51
2927,26
2928,49
2929,94
2930,78
2931,22
2932,87
2933,43
2934,76
2935,21
2936,42
2937,36
2938,60
2939,96
2940,55
2941,2
2942,62
2943,18
2944,22
2945,28
2946,29
2947,38
2948,24
2949,7
2950,57
2951,15
2952,71
2953,0
2954,4
2955,2
2956,64
2957,3
2958,98
2959,95
2960,63
2961,97
2962,88
2963,9
2964,20
2965,45
2966,90
2967,26
2968,65
2969,40
2970,12
2971,8
2972,35
2973,85
2974,89
2975,57
2976,53
2977,11
2978,80
2979,77
2980,13
2981,33
2982,52
2983,19
2984,74
2985,15
2986,94
2987,69
2988,55
2989,82
2990,57
2991,3
2992,3
2993,19
2994,9
2995,23
2996,98
2997,25
2998,36
2999,84
3000,53
3001,20
3002,73
3003,37
3004,45
3005,3
3006,59
3007,56
3008,44
3009,19
3010,16
3011,70
3012,3
3013,92
3014,13
3015,2
3016,87
3017,79
3018,57
3019,54
3020,3
3021,23
3022,33
3023,29
3024,81
3025,18
3026,30
3027,59
3028,59
3029,18
3030,48
3031,62
3032,82
3033,21
3034,23
3035,75
3036,29
3037,57
3038,30
3039,99
3040,63
3041,18
3042,47
3043,44
3044,99
3045,93
3046,54
3047,54
3048,96
3049,17
3050,62
3051,91
3052,46
3053,74
3054,56
3055,44
3056,32
3057,16
3058,69
3059,3
3060,19
3061,46
3062,90
3063,14
3064,69
3065,46
3066,77
3067,74
3068,8
3069,89
3070,15
3071,68
3072,60
3073,9
3074,49
3075,2
3076,76
3077,93
3078,69
3079,80
3080,50
3081,18
3082,41
3083,34
3084,45
3085,25
3086,68
3087,92
3088,63
3089,36
3090,83
3091,48
3092,20
3093,73
3094,63
3095,4
3096,99
3097,69
3098,89
3099,3
3100,38
3101,34
3102,0
3103,23
3104,56
3105,99
3106,69
3107,40
3108,53
3109,45
3110,59
3111,59
3112,56
3113,30
3114,83
3115,23
3116,88
3117,35
3118,84
3119,29
3120,23
3121,29
3122,85
3123,91
3124,6
3125,34
3126,54
3127,91
3128,13
3129,9
3130,79
3131,15
3132,53
3133,94
3134,88
3135,76
3136,69
3137,43
3138,72
3139,44
3140,99
3141,55
3142,83
3143,81
3144,56
3145,20
3146,67
3147,49
3148,32
3149,90
3150,6
3151,69
3152,14
3153,81
3154,31
3155,74
3156,19
3157,87
3158,14
3159,47
3160,70
3161,20
3162,41
3163,25
3164,13
3165,56
3166,36
3167,57
3168,20
3169,81
3170,68
3171,2
3172,86
3173,89
3174,36
3175,87
3176,48
3177,18
3178,88
3179,84
3180,11
3181,60
3182,40
3183,32
3184,49
3185,67
3186,70
3187,85
3188,32
3189,80
3190,23
3191,60
3192,60
3193,97
3194,27
3195,57
3196,42
3197,40
3198,38
3199,85
3200,48
3201,16
3202,97
3203,69
3204,69
3205,97
3206,64
3207,73
3208,84
3209,4
3210,1
3211,21
3212,56
3213,65
3214,73
3215,97
3216,15
3217,50
3218,38
3219,85
3220,75
3221,87
3222,39
3223,37
3224,59
3225,58
3226,9
3227,98
3228,63
3229,62
3230,48
3231,63
3232,31
3233,6
3234,20
3235,19
3236,25
3237,67
3238,85
3239,14
3240,84
3241,78
3242,85
3243,91
3244,13
3245,26
3246,39
3247,57
3248,27
3249,25
3250,62
3251,65
3252,24
3253,2
3254,71
3255,43
3256,96
3257,41
3258,98
3259,5
3260,38
3261,51
3262,22
3263,88
3264,49
3265,42
3266,18
3267,68
3268,50
3269,10
3270,11
3271,73
3272,7
3273,23
3274,91
3275,40
3276,35
3277,84
3278,71
3279,54
3280,8
3281,46
3282,14
3283,47
3284,81
3285,41
3286,59
3287,83
3288,69
3289,11
3290,1
3291,6
3292,79
3293,2
3294,2
3295,26
3296,39
3297,32
3298,91
3299,0
3300,7
3301,31
3302,47
3303,3
3304,93
3305,69
3306,18
3307,31
3308,8
3309,11
3310,10
3311,45
3312,15
3313,0
3314,62
3315,20
3316,29
3317,12
3318,33
3319,3
3320,27
3321,94
3322,58
3323,26
3324,68
3325,24
3326,2
3327,96
3328,67
3329,24
3330,19
3331,33
3332,25
3333,4
3334,98
3335,60
3336,91
3337,92
3338,8
3339,49
3340,5
3341,82
3342,59
3343,43
3344,10
3345,65
3346,46
3347,72
3348,84
3349,87
3350,97
3351,85
3352,2
3353,75
3354,91
3355,29
3356,89
3357,20
3358,27
3359,89
3360,61
3361,32
3362,84
3363,34
3364,51
3365,33
3366,40
3367,50
3368,46
3369,81
3370,57
3371,74
3372,56
3373,22
3374,47
3375,21
3376,16
3377,68
3378,10
3379,93
3380,14
3381,90
3382,34
3383,32
3384,83
3385,15
3386,33
3387,65
3388,98
3389,39
3390,27
3391,46
3392,38
3393,69
3394,72
3395,19
3396,0
3397,71
3398,86
3399,62
3400,66
3401,3
3402,57
3403,24
3404,46
3405,37
3406,14
3407,62
3408,20
3409,98
3410,56
3411,52
3412,45
3413,13
3414,99
3415,75
3416,16
3417,38
3418,8
3419,98
3420,76
3421,78
3422,81
3423,96
3424,5
3425,90
3426,22
3427,58
3428,90
3429,97
3430,45
3431,37
3432,13
3433,99
3434,71
3435,61
3436,34
3437,18
3438,29
3439,77
3440,83
3441,24
3442,39
3443,87
3444,13
3445,25
3446,86
3447,21
3448,47
3449,82
3450,50
3451,2
3452,41
3453,18
3454,72
3455,27
3456,83
3457,44
3458,70
3459,77
3460,62
3461,72
3462,18
3463,46
3464,13
3465,37
3466,52
3467,60
3468,35
3469,39
3470,80
3471,29
3472,8
3473,63
3474,32
3475,51
3476,88
3477,13
3478,74
3479,52
3480,98
3481,58
3482,77
3483,93
3484,40
3485,67
3486,67
3487,91
3488,7
3489,1
3490,85
3491,40
3492,54
3493,15
3494,92
3495,61
3496,47
3497,29
3498,11
3499,34
3500,10
3501,63
3502,49
3503,84
3504,20
3505,68
3506,47
3507,19
3508,66
3509,43
3510,32
3511,72
3512,60
3513,8
3514,67
3515,34
3516,80
3517,97
3518,87
3519,95
3520,64
3521,7
3522,44
3523,86
3524,46
3525,39
3526,75
3527,53
3528,75
3529,45
3530,46
3531,14
3532,18
3533,25
3534,51
3535,92
3536,21
3537,20
3538,50
3539,37
3540,19
3541,28
3542,50
3543,3
3544,54
3545,70
3546,91
3547,27
3548,3
3549,21
3550,75
3551,44
3552,66
3553,85
3554,65
3555,87
3556,33
3557,90
3558,54
3559,0
3560,71
3561,86
3562,37
3563,5
3564,85
3565,24
3566,81
3567,16
3568,60
3569,11
3570,5
3571,89
3572,26
3573,7
3574,82
3575,64
3576,56
3577,92
3578,98
3579,39
3580,13
3581,34
3582,47
3583,83
3584,55
3585,48
3586,12
3587,60
3588,48
3589,45
3590,61
3591,7
3592,42
3593,19
3594,96
3595,89
3596,38
3597,84
3598,48
3599,63
3600,61
3601,53
3602,8
3603,87
3604,36
3605,48
3606,40
3607,16
3608,87
3609,20
3610,50
3611,58
3612,38
3613,54
3614,40
3615,38
3616,12
3617,63
3618,10
3619,18
3620,10
3621,76
3622,45
3623,44
3624,0
3625,39
3626,18
3627,75
3628,71
3629,71
3630,60
3631,11
3632,60
3633,32
3634,44
3635,89
3636,91
3637,68
3638,7
3639,24
3640,90
3641,45
3642,86
3643,29
3644,46
3645,86
3646,48
3647,46
3648,83
3649,81
3650,17
3651,65
3652,67
3653,93
3654,32
3655,35
3656,81
3657,18
3658,27
3659,39
3660,83
3661,96
3662,75
3663,14
3664,40
3665,38
3666,1
3667,62
3668,28
3669,73
3670,65
3671,50
3672,74
3673,76
3674,9
3675,13
3676,81
3677,50
3678,72
3679,38
3680,27
3681,2
3682,83
3683,69
3684,26
3685,1
3686,92
3687,37
3688,2
3689,15
3690,93
3691,39
3692,1
3693,80
3694,40
3695,11
3696,34
3697,64
3698,54
3699,44
3700,78
3701,89
3702,84
3703,61
3704,48
3705,94
3706,24
3707,22
3708,23
3709,37
3710,27
3711,20
3712,53
3713,17
3714,35
3715,98
3716,44
3717,72
3718,52
3719,29
3720,59
3721,97
3722,31
3723,66
3724,66
3725,27
3726,43
3727,78
3728,40
3729,62
3730,22
3731,74
3732,47
3733,31
3734,56
3735,99
3736,32
3737,23
3738,38
3739,33
3740,55
3741,27
3742,36
3743,6
3744,67
3745,36
3746,55
3747,64
3748,64
3749,46
3750,19
3751,18
3752,28
3753,73
3754,59
3755,17
3756,91
3757,34
3758,42
3759,94
3760,90
3761,10
3762,48
3763,37
3764,63
3765,68
3766,7
3767,33
3768,47
3769,55
3770,75
3771,64
3772,30
3773,3
3774,49
3775,68
3776,29
3777,87
3778,58
3779,66
3780,74
3781,44
3782,3
3783,25
3784,26
3785,45
3786,63
3787,90
3788,50
3789,49
3790,5
3791,58
3792,14
3793,29
3794,41
3795,36
3796,41
3797,34
3798,86
3799,5
3800,67
3801,17
3802,72
3803,28
3804,76
3805,58
3806,46
3807,16
3808,95
3809,21
3810,67
3811,68
3812,36
3813,48
3814,12
3815,33
3816,85
3817,52
3818,86
3819,50
3820,2
3821,41
3822,97
3823,31
3824,50
3825,84
3826,45
3827,20
3828,43
3829,10
3830,67
3831,0
3832,91
3833,62
3834,23
3835,98
3836,12
3837,97
3838,10
3839,99
3840,50
3841,16
3842,98
3843,81
3844,85
3845,23
3846,18
3847,36
3848,84
3849,7
3850,27
3851,4
3852,16
3853,35
3854,18
3855,63
3856,90
3857,97
3858,10
3859,53
3860,44
3861,46
3862,11
3863,20
3864,10
3865,91
3866,4
3867,80
3868,55
3869,19
3870,40
3871,45
3872,11
3873,69
3874,16
3875,18
3876,25
3877,47
3878,51
3879,95
3880,69
3881,54
3882,99
3883,74
3884,32
3885,61
3886,87
3887,22
3888,14
3889,26
3890,74
3891,63
3892,80
3893,50
3894,52
3895,77
3896,90
3897,81
3898,91
3899,50
3900,46
3901,3
3902,6
3903,34
3904,47
3905,72
3906,71
3907,44
3908,80
3909,80
3910,96
3911,95
3912,71
3913,18
3914,62
3915,37
3916,66
3917,58
3918,68
3919,12
3920,46
3921,60
3922,30
3923,79
3924,95
3925,21
3926,92
3927,85
3928,42
3929,66
3930,53
3931,9
3932,41
3933,63
3934,20
3935,79
3936,75
3937,65
3938,40
3939,23
3940,34
3941,55
3942,29
3943,56
3944,93
3945,46
3946,34
3947,18
3948,7
3949,25
3950,70
3951,29
3952,6
3953,66
3954,64
3955,35
3956,24
3957,36
3958,0
3959,14
3960,36
3961,12
3962,7
3963,4
3964,59
3965,72
3966,0
3967,35
3968,34
3969,65
3970,62
3971,22
3972,8
3973,33
3974,45
3975,77
3976,3
3977,29
3978,94
3979,74
3980,98
3981,71
3982,2
3983,13
3984,59
3985,76
3986,44
3987,95
3988,33
3989,44
3990,60
3991,82
3992,15
3993,65
3994,39
3995,16
3996,33
3997,15
3998,59
3999,65
4000,65
4001,89
4002,12
4003,55
4004,30
4005,33
4006,38
4007,66
4008,7
4009,86
4010,77
4011,54
4012,26
4013,92
4014,52
4015,38
4016,64
4017,16
4018,29
4019,52
4020,12
4021,20
4022,18
4023,52
4024,18
4025,56
4026,24
4027,85
4028,30
4029,80
4030,54
4031,22
4032,31
4033,61
4034,73
4035,9
4036,99
4037,71
4038,53
4039,51
4040,19
4041,31
4042,13
4043,49
4044,27
4045,52
4046,23
4047,78
4048,21
4049,29
4050,62
4051,3
4052,76
4053,58
4054,86
4055,7
4056,81
4057,11
4058,30
4059,77
4060,33
4061,81
4062,97
4063,74
4064,75
4065,48
4066,78
4067,56
4068,94
4069,92
4070,25
4071,17
4072,95
4073,85
4074,37
4075,80
4076,86
4077,87
4078,49
4079,7
4080,40
4081,5
4082,68
4083,43
4084,63
4085,28
4086,27
4087,10
4088,64
4089,18
4090,8
4091,26
4092,33
4093,43
4094,67
4095,99
4096,81
4097,14
4098,50
4099,12
4100,82
4101,48
4102,69
4103,55
4104,75
4105,50
4106,36
4107,16
4108,57
4109,86
4110,89
4111,28
4112,32
4113,59
4114,90
4115,88
4116,54
4117,9
4118,46
4119,22
4120,84
4121,20
4122,12
4123,32
4124,23
4125,10
4126,16
4127,67
4128,46
4129,24
4130,93
4131,72
4132,20
4133,83
4134,82
4135,82
4136,11
4137,36
4138,41
4139,16
4140,47
4141,27
4142,40
4143,98
4144,46
4145,17
4146,77
4147,98
4148,70
4149,12
4150,81
4151,12
4152,99
4153,30
4154,1
4155,15
4156,8
4157,72
4158,37
4159,74
4160,53
4161,55
4162,85
4163,96
4164,99
4165,86
4166,44
4167,33
4168,8
4169,87
4170,7
4171,6
4172,35
4173,17
4174,2
4175,27
4176,69
4177,43
4178,20
4179,27
4180,53
4181,53
4182,64
4183,99
4184,20
4185,98
4186,12
4187,56
4188,48
4189,53
4190,9
4191,52
4192,43
4193,46
4194,52
4195,73
4196,45
4197,12
4198,36
4199,23
4200,1
4201,85
4202,80
4203,99
4204,13
4205,9
4206,34
4207,24
4208,2
4209,16
4210,11
4211,53
4212,23
4213,28
4214,42
4215,24
4216,99
4217,59
4218,89
4219,64
4220,83
4221,27
4222,15
4223,46
4224,80
4225,91
4226,57
4227,75
4228,26
4229,52
4230,41
4231,58
4232,46
4233,93
4234,33
4235,36
4236,5
4237,6
4238,95
4239,95
4240,24
4241,32
4242,54
4243,57
4244,6
4245,56
4246,11
4247,15
4248,79
4249,42
4250,99
4251,76
4252,6
4253,99
4254,50
4255,72
4256,31
4257,74
4258,7
4259,96
4260,86
4261,88
4262,71
4263,44
4264,85
4265,58
4266,3
4267,66
4268,28
4269,28
4270,97
4271,97
4272,27
4273,76
4274,78
4275,86
4276,43
4277,89
4278,3
4279,89
4280,8
4281,4
4282,55
4283,95
4284,83
4285,49
4286,74
4287,14
4288,31
4289,27
4290,21
4291,16
4292,58
4293,89
4294,70
4295,56
4296,25
4297,24
4298,9
4299,44
4300,82
4301,10
4302,76
4303,52
4304,71
4305,67
4306,94
4307,27
4308,74
4309,64
4310,48
4311,46
4312,51
4313,87
4314,53
4315,59
4316,56
4317,46
4318,30
4319,45
4320,25
4321,4
4322,83
4323,51
4324,74
4325,53
4326,32
4327,49
4328,37
4329,26
4330,97
4331,14
4332,95
4333,60
4334,20
4335,45
4336,68
4337,5
4338,37
4339,61
4340,85
4341,61
4342,81
4343,77
4344,73
4345,45
4346,12
4347,94
4348,93
4349,2
4350,93
4351,5
4352,92
4353,7
4354,43
4355,32
4356,80
4357,74
4358,76
4359,49
4360,10
4361,94
4362,27
4363,69
4364,40
4365,15
4366,67
4367,98
4368,47
4369,55
4370,63
4371,58
4372,89
4373,61
4374,75
4375,10
4376,88
4377,17
4378,18
4379,86
4380,54
4381,81
4382,25
4383,5
4384,3
4385,28
4386,58
4387,97
4388,16
4389,42
4390,79
4391,65
4392,33
4393,7
4394,12
4395,7
4396,93
4397,95
4398,99
4399,93
4400,64
4401,42
4402,38
4403,80
4404,58
4405,83
4406,87
4407,85
4408,92
4409,85
4410,43
4411,8
4412,36
4413,73
4414,35
4415,91
4416,27
4417,41
4418,42
4419,84
4420,87
4421,41
4422,65
4423,54
4424,71
4425,47
4426,90
4427,21
4428,26
4429,92
4430,66
4431,12
4432,44
4433,9
4434,99
4435,8
4436,53
4437,26
4438,33
4439,0
4440,31
4441,88
4442,92
4443,70
4444,66
4445,83
4446,19
4447,93
4448,34
4449,98
4450,90
4451,89
4452,77
4453,16
4454,17
4455,44
4456,92
4457,83
4458,52
4459,90
4460,81
4461,67
4462,64
4463,0
4464,57
4465,25
4466,19
4467,86
4468,9
4469,58
4470,74
4471,40
4472,4
4473,64
4474,16
4475,21
4476,97
4477,40
4478,92
4479,67
4480,68
4481,10
4482,55
4483,50
4484,20
4485,98
4486,75
4487,25
4488,18
4489,59
4490,70
4491,46
4492,70
4493,25
4494,39
4495,4
4496,20
4497,77
4498,3
4499,22
4500,83
4501,14
4502,92
4503,7
4504,40
4505,18
4506,45
4507,27
4508,90
4509,67
4510,14
4511,98
4512,36
4513,0
4514,66
4515,23
4516,26
4517,39
4518,62
4519,60
4520,35
4521,97
4522,92
4523,23
4524,23
4525,3
4526,66
4527,33
4528,56
4529,48
4530,86
4531,52
4532,22
4533,68
4534,94
4535,52
4536,61
4537,40
4538,56
4539,59
4540,53
4541,69
4542,56
4543,9
4544,39
4545,6
4546,37
4547,84
4548,60
4549,83
4550,2
4551,50
4552,85
4553,46
4554,67
4555,91
4556,75
4557,37
4558,35
4559,40
4560,68
4561,12
4562,86
4563,57
4564,49
4565,29
4566,61
4567,24
4568,26
4569,50
4570,77
4571,56
4572,46
4573,99
4574,38
4575,15
4576,21
4577,84
4578,53
4579,20
4580,71
4581,15
4582,58
4583,30
4584,41
4585,73
4586,31
4587,58
4588,33
4589,8
4590,80
4591,10
4592,95
4593,9
4594,85
4595,16
4596,67
4597,47
4598,51
4599,24
4600,20
4601,64
4602,62
4603,88
4604,50
4605,35
4606,80
4607,87
4608,65
4609,14
4610,95
4611,38
4612,69
4613,0
4614,22
4615,38
4616,56
4617,80
4618,33
4619,40
4620,92
4621,72
4622,12
4623,69
4624,5
4625,83
4626,51
4627,2
4628,80
4629,62
4630,48
4631,75
4632,46
4633,54
4634,63
4635,64
4636,80
4637,66
4638,89
4639,14
4640,99
4641,31
4642,95
4643,67
4644,17
4645,82
4646,42
4647,34
4648,77
4649,57
4650,32
4651,13
4652,33
4653,60
4654,3
4655,87
4656,58
4657,28
4658,82
4659,5
4660,96
4661,48
4662,39
4663,82
4664,64
4665,68
4666,26
4667,79
4668,5
4669,12
4670,63
4671,61
4672,98
4673,18
4674,75
4675,79
4676,42
4677,73
4678,88
4679,19
4680,94
4681,67
4682,43
4683,22
4684,1
4685,21
4686,56
4687,71
4688,6
4689,77
4690,55
4691,66
4692,15
4693,82
4694,50
4695,81
4696,79
4697,71
4698,96
4699,11
4700,52
4701,74
4702,4
4703,26
4704,11
4705,16
4706,5
4707,96
4708,4
4709,56
4710,27
4711,77
4712,68
4713,58
4714,32
4715,61
4716,49
4717,18
4718,85
4719,68
4720,65
4721,93
4722,46
4723,38
4724,67
4725,32
4726,12
4727,83
4728,53
4729,6
4730,78
4731,86
4732,13
4733,86
4734,18
4735,53
4736,92
4737,19
4738,28
4739,23
4740,81
4741,62
4742,73
4743,56
4744,7
4745,89
4746,61
4747,28
4748,73
4749,16
4750,65
4751,5
4752,57
4753,68
4754,27
4755,61
4756,40
4757,68
4758,81
4759,89
4760,83
4761,40
4762,48
4763,90
4764,48
4765,75
4766,70
4767,2
4768,9
4769,97
4770,88
4771,34
4772,79
4773,1
4774,23
4775,73
4776,37
4777,21
4778,25
4779,42
4780,54
4781,38
4782,90
4783,28
4784,19
4785,90
4786,40
4787,53
4788,19
4789,18
4790,83
4791,98
4792,65
4793,29
4794,52
4795,33
4796,21
4797,66
4798,5
4799,78
4800,26
4801,9
4802,72
4803,96
4804,95
4805,47
4806,69
4807,58
4808,99
4809,58
4810,1
4811,28
4812,67
4813,64
4814,82
4815,25
4816,88
4817,9
4818,52
4819,78
4820,58
4821,21
4822,50
4823,47
4824,20
4825,21
4826,99
4827,97
4828,29
4829,24
4830,27
4831,64
4832,44
4833,67
4834,6
4835,48
4836,8
4837,35
4838,82
4839,0
4840,9
4841,35
4842,72
4843,45
4844,31
4845,31
4846,5
4847,47
4848,37
4849,16
4850,73
4851,26
4852,53
4853,49
4854,34
4855,84
4856,24
4857,27
4858,14
4859,3
4860,92
4861,72
4862,26
4863,25
4864,18
4865,91
4866,16
4867,42
4868,40
4869,41
4870,49
4871,83
4872,39
4873,38
4874,22
4875,95
4876,51
4877,46
4878,62
4879,96
4880,68
4881,42
4882,47
4883,33
4884,39
4885,74
4886,60
4887,49
4888,66
4889,61
4890,57
4891,32
4892,74
4893,15
4894,81
4895,93
4896,47
4897,9
4898,81
4899,37
4900,18
4901,35
4902,58
4903,62
4904,76
4905,45
4906,2
4907,73
4908,64
4909,90
4910,7
4911,50
4912,80
4913,72
4914,5
4915,88
4916,38
4917,59
4918,27
4919,96
4920,53
4921,36
4922,8
4923,81
4924,55
4925,58
4926,84
4927,1
4928,60
4929,57
4930,59
4931,39
4932,35
4933,36
4934,78
4935,91
4936,17
4937,97
4938,62
4939,21
4940,10
4941,57
4942,56
4943,76
4944,3
4945,85
4946,6
4947,60
4948,53
4949,87
4950,67
4951,91
4952,78
4953,0
4954,54
4955,2
4956,77
4957,37
4958,0
4959,37
4960,84
4961,28
4962,4
4963,73
4964,91
4965,20
4966,70
4967,66
4968,46
4969,83
4970,82
4971,34
4972,67
4973,68
4974,0
4975,67
4976,11
4977,59
4978,26
4979,55
4980,22
4981,24
4982,20
4983,60
4984,62
4985,51
4986,87
4987,24
4988,54
4989,45
4990,31
4991,54
4992,95
4993,4
4994,35
4995,48
4996,57
4997,38
4998,79
4999,96
5000,84
5001,60
5002,8
5003,5
5004,34
5005,38
5006,21
5007,40
5008,4
5009,41
5010,86
5011,80
5012,75
5013,86
5014,79
5015,66
5016,29
5017,56
5018,85
5019,72
5020,28
5021,36
5022,86
5023,12
5024,31
5025,45
5026,22
5027,44
5028,16
5029,84
5030,65
5031,5
5032,17
5033,93
5034,21
5035,32
5036,29
5037,80
5038,31
5039,41
5040,77
5041,9
5042,35
5043,33
5044,72
5045,27
5046,10
5047,77
5048,38
5049,46
5050,18
5051,14
5052,27
5053,23
5054,71
5055,8
5056,46
5057,32
5058,61
5059,96
5060,18
5061,66
5062,73
5063,39
5064,46
5065,64
5066,28
5067,49
5068,97
5069,12
5070,0
5071,33
5072,92
5073,47
5074,76
5075,47
5076,48
5077,63
5078,60
5079,28
5080,38
5081,87
5082,25
5083,16
5084,70
5085,12
5086,68
5087,25
5088,48
5089,66
5090,6
5091,57
5092,48
5093,52
5094,64
5095,61
5096,16
5097,42
5098,24
5099,2
5100,78
5101,28
5102,31
5103,25
5104,15
5105,24
5106,53
5107,27
5108,72
5109,55
5110,64
5111,92
5112,85
5113,79
5114,40
5115,50
5116,70
5117,77
5118,28
5119,82
5120,18
5121,65
5122,40
5123,44
5124,14
5125,2
5126,10
5127,52
5128,45
5129,29
5130,56
5131,17
5132,50
5133,47
5134,65
5135,95
5136,7
5137,21
5138,5
5139,75
5140,56
5141,35
5142,78
5143,91
5144,56
5145,48
5146,44
5147,81
5148,65
5149,76
5150,44
5151,78
5152,19
5153,63
5154,92
5155,92
5156,66
5157,82
5158,2
5159,53
5160,77
5161,63
5162,39
5163,58
5164,54
5165,61
5166,3
5167,59
5168,74
5169,94
5170,95
5171,90
5172,29
5173,1
5174,61
5175,48
5176,8
5177,91
5178,30
5179,97
5180,60
5181,78
5182,47
5183,24
5184,35
5185,7
5186,72
5187,57
5188,44
5189,61
5190,38
5191,95
5192,57
5193,80
5194,98
5195,82
5196,63
5197,43
5198,28
5199,58
5200,70
5201,91
5202,8
5203,91
5204,5
5205,28
5206,57
5207,16
5208,15
5209,86
5210,94
5211,2
5212,20
5213,63
5214,89
5215,35
5216,85
5217,61
5218,41
5219,75
5220,41
5221,60
5222,12
5223,10
5224,53
5225,15
5226,7
5227,58
5228,56
5229,39
5230,58
5231,1
5232,93
5233,93
5234,75
5235,9
5236,43
5237,10
5238,78
5239,79
5240,80
5241,89
5242,1
5243,49
5244,11
5245,89
5246,22
5247,17
5248,61
5249,95
5250,61
5251,37
5252,66
5253,37
5254,66
5255,93
5256,60
5257,0
5258,93
5259,44
5260,95
5261,27
5262,20
5263,12
5264,26
5265,99
5266,6
5267,21
5268,73
5269,52
5270,78
5271,78
5272,3
5273,95
5274,22
5275,69
5276,87
5277,83
5278,83
5279,75
5280,32
5281,27
5282,7
5283,0
5284,36
5285,62
5286,21
5287,69
5288,20
5289,95
5290,34
5291,78
5292,4
5293,59
5294,45
5295,49
5296,47
5297,5
5298,88
5299,55
5300,58
5301,28
5302,70
5303,76
5304,17
5305,1
5306,7
5307,74
5308,96
5309,53
5310,37
5311,47
5312,26
5313,19
5314,11
5315,42
5316,60
5317,30
5318,90
5319,95
5320,60
5321,73
5322,66
5323,90
5324,34
5325,94
5326,14
5327,15
5328,12
5329,34
5330,74
5331,58
5332,20
5333,53
5334,74
5335,29
5336,47
5337,34
5338,85
5339,37
5340,30
5341,77
5342,23
5343,48
5344,95
5345,99
5346,31
5347,54
5348,78
5349,57
5350,98
5351,2
5352,79
5353,68
5354,84
5355,9
5356,82
5357,24
5358,67
5359,60
5360,28
5361,18
5362,42
5363,65
5364,73
5365,60
5366,42
5367,24
5368,19
5369,47
5370,82
5371,86
5372,23
5373,10
5374,97
5375,54
5376,27
5377,68
5378,62
5379,58
5380,4
5381,50
5382,20
5383,11
5384,49
5385,3
5386,41
5387,83
5388,37
5389,24
5390,13
5391,74
5392,31
5393,10
5394,60
5395,17
5396,26
5397,54
5398,53
5399,81
5400,86
5401,74
5402,20
5403,43
5404,4
5405,86
5406,40
5407,58
5408,88
5409,53
5410,73
5411,21
5412,82
5413,64
5414,63
5415,70
5416,3
5417,64
5418,14
5419,75
5420,21
5421,85
5422,46
5423,80
5424,92
5425,45
5426,13
5427,49
5428,19
5429,49
5430,32
5431,58
5432,42
5433,78
5434,11
5435,39
5436,19
5437,93
5438,37
5439,2
5440,27
5441,55
5442,89
5443,93
5444,12
5445,76
5446,65
5447,36
5448,48
5449,65
5450,35
5451,53
5452,25
5453,74
5454,71
5455,39
5456,42
5457,21
5458,19
5459,7
5460,28
5461,39
5462,89
5463,29
5464,80
5465,83
5466,54
5467,15
5468,45
5469,61
5470,6
5471,79
5472,44
5473,58
5474,55
5475,47
5476,26
5477,52
5478,86
5479,87
5480,72
5481,34
5482,50
5483,83
5484,36
5485,80
5486,94
5487,56
5488,7
5489,78
5490,94
5491,93
5492,19
5493,52
5494,11
5495,48
5496,16
5497,63
5498,41
5499,93
5500,28
5501,18
5502,10
5503,97
5504,49
5505,70
5506,57
5507,33
5508,19
5509,49
5510,87
5511,9
5512,31
5513,51
5514,14
5515,83
5516,2
5517,36
5518,39
5519,71
5520,39
5521,55
5522,22
5523,10
5524,63
5525,7
5526,92
5527,93
5528,55
5529,59
5530,9
5531,38
5532,27
5533,48
5534,35
5535,12
5536,95
5537,35
5538,25
5539,85
5540,3
5541,94
5542,81
5543,63
5544,37
5545,87
5546,86
5547,21
5548,1
5549,30
5550,10
5551,91
5552,45
5553,95
5554,61
5555,68
5556,63
5557,9
5558,39
5559,23
5560,98
5561,43
5562,59
5563,61
5564,86
5565,16
5566,64
5567,94
5568,94
5569,56
5570,54
5571,52
5572,55
5573,97
5574,8
5575,21
5576,12
5577,88
5578,47
5579,17
5580,75
5581,39
5582,16
5583,14
5584,14
5585,78
5586,62
5587,38
5588,12
5589,80
5590,31
5591,8
5592,39
5593,19
5594,89
5595,90
5596,84
5597,81
5598,76
5599,79
5600,72
5601,62
5602,75
5603,43
5604,37
5605,82
5606,59
5607,70
5608,98
5609,47
5610,17
5611,15
5612,54
5613,38
5614,67
5615,58
5616,88
5617,95
5618,61
5619,12
5620,80
5621,5
5622,82
5623,76
5624,59
5625,89
5626,13
5627,94
5628,53
5629,3
5630,38
5631,71
5632,24
5633,76
5634,31
5635,58
5636,62
5637,37
5638,91
5639,52
5640,93
5641,66
5642,27
5643,2
5644,97
5645,79
5646,21
5647,95
5648,37
5649,71
5650,71
5651,61
5652,56
5653,5
5654,77
5655,31
5656,98
5657,9
5658,2
5659,58
5660,75
5661,48
5662,58
5663,30
5664,92
5665,68
5666,61
5667,51
5668,88
5669,40
5670,30
5671,84
5672,83
5673,21
5674,3
5675,12
5676,44
5677,41
5678,48
5679,19
5680,76
5681,80
5682,53
5683,35
5684,96
5685,0
5686,14
5687,76
5688,16
5689,23
5690,57
5691,71
5692,90
5693,22
5694,45
5695,71
5696,7
5697,58
5698,89
5699,58
5700,12
5701,38
5702,27
5703,88
5704,60
5705,15
5706,1
5707,81
5708,16
5709,29
5710,12
5711,95
5712,92
5713,93
5714,81
5715,12
5716,42
5717,84
5718,93
5719,20
5720,54
5721,80
5722,39
5723,82
5724,14
5725,72
5726,51
5727,73
5728,94
5729,52
5730,86
5731,51
5732,29
5733,32
5734,56
5735,51
5736,8
5737,53
5738,0
5739,43
5740,98
5741,74
5742,97
5743,79
5744,8
5745,31
5746,14
5747,11
5748,96
5749,77
5750,56
5751,7
5752,71
5753,26
5754,61
5755,11
5756,64
5757,41
5758,61
5759,10
5760,42
5761,94
5762,16
5763,96
5764,31
5765,92
5766,84
5767,84
5768,39
5769,22
5770,55
5771,5
5772,85
5773,49
5774,36
5775,63
5776,53
5777,71
5778,48
5779,98
5780,10
5781,87
5782,48
5783,20
5784,65
5785,62
5786,82
5787,27
5788,16
5789,5
5790,18
5791,55
5792,27
5793,65
5794,37
5795,36
5796,67
5797,85
5798,89
5799,48
5800,42
5801,35
5802,57
5803,12
5804,51
5805,57
5806,31
5807,80
5808,99
5809,59
5810,82
5811,57
5812,98
5813,55
5814,27
5815,0
5816,41
5817,81
5818,47
5819,39
5820,96
5821,62
5822,75
5823,71
5824,87
5825,79
5826,3
5827,37
5828,26
5829,8
5830,15
5831,55
5832,75
5833,30
5834,87
5835,13
5836,24
5837,33
5838,66
5839,23
5840,72
5841,25
5842,19
5843,63
5844,9
5845,82
5846,66
5847,23
5848,4
5849,66
5850,57
5851,26
5852,79
5853,14
5854,34
5855,75
5856,52
5857,43
5858,25
5859,46
5860,33
5861,86
5862,94
5863,49
5864,83
5865,11
5866,86
5867,3
5868,86
5869,47
5870,54
5871,0
5872,88
5873,65
5874,29
5875,2
5876,20
5877,88
5878,83
5879,48
5880,85
5881,84
5882,61
5883,96
5884,37
5885,14
5886,51
5887,78
5888,45
5889,24
5890,20
5891,87
5892,4
5893,69
5894,46
5895,86
5896,67
5897,90
5898,17
5899,20
5900,91
5901,98
5902,85
5903,22
5904,63
5905,66
5906,39
5907,9
5908,88
5909,51
5910,71
5911,74
5912,60
5913,63
5914,4
5915,52
5916,54
5917,36
5918,55
5919,58
5920,92
5921,68
5922,72
5923,58
5924,1
5925,64
5926,59
5927,50
5928,29
5929,10
5930,91
5931,75
5932,38
5933,89
5934,76
5935,71
5936,62
5937,63
5938,60
5939,53
5940,91
5941,93
5942,72
5943,94
5944,57
5945,84
5946,55
5947,33
5948,30
5949,51
5950,88
5951,75
5952,0
5953,54
5954,21
5955,39
5956,0
5957,64
5958,62
5959,53
5960,41
5961,20
5962,78
5963,80
5964,21
5965,37
5966,98
5967,79
5968,7
5969,61
5970,46
5971,16
5972,16
5973,89
5974,12
5975,16
5976,37
5977,80
5978,77
5979,44
5980,5
5981,34
5982,13
5983,71
5984,60
5985,14
5986,53
5987,26
5988,12
5989,30
5990,34
5991,59
5992,5
5993,68
5994,85
5995,57
5996,48
5997,22
5998,88
5999,33
6000,25
6001,46
6002,4
6003,89
6004,19
6005,5
6006,69
6007,58
6008,63
6009,17
6010,3
6011,16
6012,13
6013,77
6014,12
6015,6
6016,43
6017,14
6018,18
6019,62
6020,34
6021,80
6022,34
6023,18
6024,19
6025,99
6026,34
6027,31
6028,47
6029,43
6030,23
6031,60
6032,16
6033,70
6034,49
6035,64
6036,98
6037,31
6038,35
6039,12
6040,69
6041,57
6042,13
6043,36
6044,78
6045,67
6046,39
6047,58
6048,79
6049,91
6050,15
6051,61
6052,3
6053,44
6054,89
6055,27
6056,95
6057,65
6058,30
6059,2
6060,7
6061,23
6062,14
6063,42
6064,30
6065,72
6066,44
6067,65
6068,7
6069,70
6070,56
6071,79
6072,98
6073,29
6074,73
6075,17
6076,68
6077,92
6078,38
6079,59
6080,97
6081,42
6082,44
6083,22
6084,68
6085,93
6086,5
6087,55
6088,3
6089,92
6090,22
6091,5
6092,31
6093,17
6094,14
6095,39
6096,95
6097,72
6098,73
6099,83
6100,5
6101,62
6102,66
6103,10
6104,42
6105,16
6106,95
6107,3
6108,62
6109,67
6110,80
6111,40
6112,82
6113,4
6114,31
6115,85
6116,69
6117,34
6118,21
6119,64
6120,83
6121,21
6122,10
6123,76
6124,2
6125,8
6126,59
6127,75
6128,86
6129,13
6130,96
6131,17
6132,72
6133,22
6134,73
6135,82
6136,46
6137,68
6138,46
6139,86
6140,29
6141,24
6142,27
6143,97
6144,24
6145,73
6146,77
6147,57
6148,93
6149,40
6150,24
6151,77
6152,98
6153,47
6154,97
6155,9
6156,98
6157,74
6158,10
6159,84
6160,20
6161,85
6162,44
6163,6
6164,80
6165,63
6166,63
6167,1
6168,75
6169,41
6170,81
6171,53
6172,74
6173,15
6174,17
6175,98
6176,58
6177,89
6178,15
6179,5
6180,56
6181,46
6182,47
6183,41
6184,75
6185,59
6186,76
6187,3
6188,1
6189,89
6190,58
6191,26
6192,26
6193,78
6194,71
6195,6
6196,62
6197,45
6198,62
6199,11
6200,12
6201,42
6202,16
6203,62
6204,80
6205,35
6206,84
6207,7
6208,68
6209,89
6210,79
6211,35
6212,27
6213,92
6214,46
6215,75
6216,29
6217,22
6218,15
6219,13
6220,73
6221,70
6222,51
6223,36
6224,28
6225,66
6226,14
6227,99
6228,46
6229,45
6230,51
6231,18
6232,76
6233,20
6234,63
6235,36
6236,26
6237,54
6238,28
6239,19
6240,24
6241,69
6242,62
6243,35
6244,1
6245,21
6246,95
6247,15
6248,17
6249,68
6250,53
6251,99
6252,29
6253,44
6254,18
6255,86
6256,33
6257,12
6258,42
6259,61
6260,92
6261,99
6262,21
6263,51
6264,51
6265,35
6266,72
6267,18
6268,37
6269,69
6270,78
6271,56
6272,19
6273,8
6274,31
6275,3
6276,49
6277,81
6278,4
6279,19
6280,86
6281,74
6282,36
6283,21
6284,57
6285,67
6286,92
6287,43
6288,33
6289,76
6290,41
6291,8
6292,94
6293,6
6294,67
6295,18
6296,93
6297,30
6298,34
6299,56
6300,84
6301,60
6302,30
6303,82
6304,94
6305,52
6306,31
6307,65
6308,58
6309,9
6310,1
6311,65
6312,59
6313,87
6314,16
6315,95
6316,15
6317,15
6318,45
6319,38
6320,30
6321,87
6322,0
6323,10
6324,84
6325,3
6326,70
6327,25
6328,49
6329,11
6330,94
6331,80
6332,96
6333,74
6334,91
6335,95
6336,64
6337,46
6338,91
6339,52
6340,70
6341,1
6342,23
6343,3
6344,18
6345,25
6346,74
6347,39
6348,49
6349,42
6350,74
6351,66
6352,11
6353,66
6354,26
6355,53
6356,65
6357,48
6358,15
6359,1
6360,59
6361,53
6362,29
6363,83
6364,37
6365,27
6366,24
6367,95
6368,9
6369,59
6370,41
6371,39
6372,96
6373,76
6374,41
6375,46
6376,36
6377,79
6378,21
6379,56
6380,83
6381,26
6382,40
6383,79
6384,33
6385,31
6386,89
6387,88
6388,65
6389,11
6390,39
6391,72
6392,75
6393,89
6394,72
6395,9
6396,95
6397,97
6398,47
6399,19
6400,38
6401,59
6402,65
6403,64
6404,50
6405,35
6406,23
6407,26
6408,1
6409,30
6410,56
6411,77
6412,65
6413,28
6414,14
6415,11
6416,27
6417,83
6418,23
6419,20
6420,9
6421,77
6422,17
6423,87
6424,13
6425,33
6426,57
6427,75
6428,21
6429,69
6430,35
6431,44
6432,35
6433,21
6434,77
6435,79
6436,60
6437,99
6438,55
6439,88
6440,95
6441,32
6442,44
6443,35
6444,19
6445,17
6446,37
6447,66
6448,22
6449,95
6450,15
6451,58
6452,68
6453,67
6454,20
6455,77
6456,94
6457,77
6458,69
6459,11
6460,15
6461,80
6462,86
6463,13
6464,60
6465,70
6466,45
6467,31
6468,14
6469,43
6470,16
6471,40
6472,53
6473,43
6474,97
6475,4
6476,26
6477,86
6478,77
6479,78
6480,42
6481,96
6482,30
6483,98
6484,16
6485,91
6486,82
6487,53
6488,61
6489,86
6490,31
6491,39
6492,12
6493,83
6494,34
6495,4
6496,72
6497,28
6498,69
6499,24
6500,94
6501,21
6502,65
6503,44
6504,68
6505,90
6506,88
6507,71
6508,0
6509,83
6510,43
6511,86
6512,95
6513,74
6514,38
6515,53
6516,87
6517,74
6518,28
6519,53
6520,89
6521,15
6522,98
6523,19
6524,45
6525,66
6526,64
6527,57
6528,52
6529,0
6530,80
6531,65
6532,28
6533,83
6534,69
6535,7
6536,28
6537,50
6538,32
6539,2
6540,59
6541,34
6542,68
6543,90
6544,75
6545,83
6546,19
6547,72
6548,38
6549,3
6550,18
6551,90
6552,44
6553,42
6554,12
6555,12
6556,59
6557,56
6558,85
6559,91
6560,51
6561,52
6562,85
6563,42
6564,82
6565,71
6566,71
6567,41
6568,89
6569,25
6570,22
6571,42
6572,76
6573,27
6574,8
6575,19
6576,55
6577,82
6578,38
6579,50
6580,11
6581,78
6582,94
6583,54
6584,77
6585,10
6586,25
6587,41
6588,26
6589,10
6590,37
6591,97
6592,42
6593,18
6594,63
6595,5
6596,45
6597,41
6598,91
6599,64
6600,98
6601,71
6602,58
6603,51
6604,46
6605,6
6606,10
6607,60
6608,67
6609,24
6610,11
6611,25
6612,11
6613,42
6614,50
6615,36
6616,45
6617,52
6618,87
6619,79
6620,12
6621,88
6622,53
6623,56
6624,3
6625,74
6626,95
6627,48
6628,6
6629,10
6630,91
6631,53
6632,86
6633,44
6634,22
6635,27
6636,56
6637,25
6638,24
6639,53
6640,28
6641,82
6642,96
6643,35
6644,13
6645,77
6646,34
6647,29
6648,91
6649,16
6650,66
6651,79
6652,29
6653,92
6654,44
6655,78
6656,88
6657,50
6658,46
6659,52
6660,63
6661,37
6662,63
6663,86
6664,88
6665,6
6666,21
6667,80
6668,81
6669,40
6670,73
6671,9
6672,56
6673,6
6674,49
6675,90
6676,51
6677,32
6678,0
6679,52
6680,59
6681,33
6682,3
6683,16
6684,3
6685,42
6686,89
6687,3
6688,0
6689,70
6690,93
6691,49
6692,72
6693,60
6694,34
6695,7
6696,23
6697,82
6698,35
6699,49
6700,42
6701,26
6702,31
6703,77
6704,17
6705,27
6706,28
6707,15
6708,98
6709,46
6710,58
6711,30
6712,3
6713,36
6714,16
6715,38
6716,47
6717,45
6718,89
6719,47
6720,38
6721,3
6722,29
6723,29
6724,21
6725,74
6726,65
6727,11
6728,93
6729,35
6730,17
6731,89
6732,52
6733,70
6734,0
6735,57
6736,89
6737,86
6738,89
6739,5
6740,69
6741,43
6742,71
6743,23
6744,85
6745,18
6746,17
6747,94
6748,29
6749,41
6750,32
6751,73
6752,11
6753,93
6754,26
6755,38
6756,8
6757,20
6758,75
6759,28
6760,32
6761,61
6762,14
6763,1
6764,51
6765,43
6766,53
6767,17
6768,2
6769,6
6770,42
6771,81
6772,37
6773,36
6774,57
6775,32
6776,58
6777,94
6778,10
6779,67
6780,81
6781,67
6782,97
6783,92
6784,87
6785,21
6786,65
6787,43
6788,5
6789,41
6790,24
6791,56
6792,84
6793,54
6794,15
6795,94
6796,13
6797,38
6798,27
6799,95
6800,91
6801,50
6802,48
6803,8
6804,57
6805,44
6806,21
6807,31
6808,68
6809,86
6810,68
6811,41
6812,52
6813,95
6814,58
6815,73
6816,38
6817,14
6818,70
6819,28
6820,2
6821,82
6822,9
6823,91
6824,28
6825,78
6826,34
6827,5
6828,11
6829,37
6830,76
6831,92
6832,18
6833,66
6834,7
6835,7
6836,83
6837,46
6838,3
6839,50
6840,84
6841,66
6842,44
6843,7
6844,86
6845,15
6846,76
6847,66
6848,8
6849,59
6850,77
6851,76
6852,70
6853,14
6854,70
6855,97
6856,40
6857,21
6858,23
6859,43
6860,0
6861,9
6862,79
6863,71
6864,55
6865,88
6866,49
6867,11
6868,88
6869,80
6870,59
6871,25
6872,77
6873,40
6874,35
6875,22
6876,42
6877,5
6878,68
6879,42
6880,24
6881,17
6882,61
6883,12
6884,42
6885,77
6886,27
6887,17
6888,58
6889,59
6890,62
6891,56
6892,91
6893,50
6894,55
6895,26
6896,31
6897,8
6898,95
6899,83
6900,91
6901,96
6902,67
6903,45
6904,97
6905,66
6906,25
6907,7
6908,5
6909,79
6910,23
6911,47
6912,93
6913,44
6914,12
6915,68
6916,24
6917,19
6918,81
6919,81
6920,65
6921,73
6922,44
6923,46
6924,62
6925,75
6926,76
6927,54
6928,74
6929,18
6930,34
6931,52
6932,25
6933,13
6934,44
6935,43
6936,87
6937,64
6938,50
6939,42
6940,85
6941,22
6942,55
6943,18
6944,81
6945,75
6946,54
6947,91
6948,91
6949,59
6950,58
6951,32
6952,18
6953,27
6954,51
6955,48
6956,36
6957,25
6958,98
6959,97
6960,98
6961,39
6962,79
6963,37
6964,76
6965,86
6966,53
6967,21
6968,15
6969,27
6970,34
6971,59
6972,44
6973,45
6974,71
6975,54
6976,85
6977,84
6978,25
6979,84
6980,24
6981,64
6982,5
6983,22
6984,63
6985,86
6986,42
6987,22
6988,95
6989,29
6990,76
6991,17
6992,86
6993,78
6994,96
6995,20
6996,56
6997,22
6998,90
6999,44
7000,43
7001,81
7002,87
7003,46
7004,39
7005,50
7006,41
7007,6
7008,49
7009,47
7010,83
7011,90
7012,5
7013,90
7014,8
7015,56
7016,30
7017,20
7018,89
7019,39
7020,44
7021,76
7022,48
7023,86
7024,19
7025,91
7026,16
7027,27
7028,40
7029,65
7030,24
7031,57
7032,40
7033,5
7034,74
7035,37
7036,5
7037,44
7038,74
7039,13
7040,65
7041,39
7042,2
7043,98
7044,96
7045,23
7046,18
7047,17
7048,63
7049,87
7050,34
7051,61
7052,0
7053,99
7054,24
7055,44
7056,48
7057,97
7058,88
7059,15
7060,97
7061,92
7062,18
7063,22
7064,82
7065,24
7066,15
7067,53
7068,72
7069,0
7070,41
7071,18
7072,96
7073,33
7074,79
7075,54
7076,17
7077,33
7078,88
7079,44
7080,5
7081,20
7082,69
7083,95
7084,47
7085,38
7086,30
7087,9
7088,29
7089,17
7090,59
7091,87
7092,72
7093,94
7094,14
7095,3
7096,62
7097,39
7098,8
7099,8
7100,25
7101,3
7102,80
7103,15
7104,14
7105,98
7106,51
7107,68
7108,4
7109,19
7110,78
7111,17
7112,1
7113,92
7114,12
7115,3
7116,41
7117,73
7118,60
7119,94
7120,7
7121,66
7122,62
7123,8
7124,93
7125,10
7126,98
7127,41
7128,12
7129,35
7130,12
7131,11
7132,36
7133,73
7134,72
7135,51
7136,70
7137,1
7138,55
7139,59
7140,22
7141,39
7142,63
7143,84
7144,22
7145,28
7146,77
7147,89
7148,50
7149,68
7150,94
7151,88
7152,30
7153,49
7154,19
7155,54
7156,80
7157,1
7158,24
7159,12
7160,91
7161,69
7162,66
7163,57
7164,98
7165,81
7166,74
7167,83
7168,63
7169,68
7170,82
7171,85
7172,58
7173,59
7174,82
7175,61
7176,15
7177,87
7178,67
7179,14
7180,88
7181,54
7182,34
7183,54
7184,13
7185,48
7186,82
7187,99
7188,6
7189,29
7190,82
7191,48
7192,88
7193,15
7194,50
7195,71
7196,81
7197,91
7198,79
7199,82
7200,41
7201,16
7202,62
7203,44
7204,76
7205,6
7206,26
7207,9
7208,33
7209,35
7210,24
7211,5
7212,23
7213,17
7214,86
7215,5
7216,28
7217,24
7218,54
7219,80
7220,45
7221,23
7222,74
7223,25
7224,97
7225,27
7226,2
7227,74
7228,37
7229,60
7230,77
7231,50
7232,89
7233,47
7234,20
7235,53
7236,55
7237,93
7238,58
7239,71
7240,50
7241,19
7242,95
7243,85
7244,58
7245,70
7246,8
7247,0
7248,28
7249,62
7250,71
7251,55
7252,67
7253,34
7254,2
7255,6
7256,26
7257,0
7258,90
7259,79
7260,70
7261,43
7262,86
7263,40
7264,74
7265,41
7266,32
7267,49
7268,62
7269,99
7270,36
7271,58
7272,80
7273,98
7274,47
7275,4
7276,47
7277,95
7278,2
7279,46
7280,61
7281,98
7282,13
7283,62
7284,60
7285,30
7286,94
7287,16
7288,23
7289,22
7290,81
7291,49
7292,77
7293,78
7294,78
7295,69
7296,26
7297,14
7298,49
7299,35
7300,7
7301,78
7302,2
7303,61
7304,46
7305,76
7306,97
7307,87
7308,95
7309,60
7310,31
7311,93
7312,12
7313,0
7314,33
7315,61
7316,78
7317,77
7318,92
7319,97
7320,81
7321,70
7322,92
7323,30
7324,63
7325,24
7326,37
7327,13
7328,7
7329,90
7330,53
7331,1
7332,80
7333,77
7334,88
7335,55
7336,93
7337,92
7338,83
7339,84
7340,60
7341,21
7342,34
7343,15
7344,49
7345,42
7346,16
7347,79
7348,57
7349,1
7350,3
7351,84
7352,38
7353,97
7354,93
7355,5
7356,80
7357,88
7358,68
7359,68
7360,19
7361,63
7362,15
7363,50
7364,36
7365,72
7366,68
7367,41
7368,56
7369,65
7370,8
7371,99
7372,85
7373,63
7374,85
7375,21
7376,33
7377,54
7378,28
7379,37
7380,96
7381,17
7382,70
7383,64
7384,96
7385,0
7386,87
7387,3
7388,3
7389,81
7390,26
7391,42
7392,58
7393,31
7394,32
7395,27
7396,54
7397,99
7398,59
7399,69
7400,61
7401,79
7402,33
7403,86
7404,87
7405,55
7406,12
7407,55
7408,17
7409,53
7410,76
7411,42
7412,38
7413,60
7414,41
7415,80
7416,78
7417,17
7418,22
7419,53
7420,29
7421,97
7422,57
7423,67
7424,66
7425,70
7426,17
7427,6
7428,39
7429,69
7430,85
7431,64
7432,67
7433,48
7434,51
7435,28
7436,20
7437,89
7438,77
7439,8
7440,46
7441,75
7442,41
7443,50
7444,55
7445,50
7446,69
7447,19
7448,87
7449,26
7450,37
7451,71
7452,64
7453,53
7454,23
7455,46
7456,70
7457,82
7458,85
7459,62
7460,56
7461,54
7462,59
7463,98
7464,61
7465,29
7466,92
7467,21
7468,74
7469,83
7470,28
7471,40
7472,41
7473,97
7474,64
7475,30
7476,29
7477,17
7478,16
7479,37
7480,13
7481,86
7482,88
7483,78
7484,55
7485,21
7486,66
7487,55
7488,18
7489,56
7490,43
7491,97
7492,34
7493,0
7494,51
7495,84
7496,92
7497,69
7498,36
7499,64
7500,50
7501,0
7502,90
7503,20
7504,52
7505,15
7506,60
7507,53
7508,39
7509,25
7510,79
7511,91
7512,64
7513,99
7514,73
7515,63
7516,42
7517,16
7518,58
7519,22
7520,6
7521,43
7522,52
7523,70
7524,78
7525,33
7526,45
7527,67
7528,77
7529,77
7530,15
7531,70
7532,95
7533,18
7534,1
7535,9
7536,49
7537,80
7538,11
7539,69
7540,21
7541,31
7542,83
7543,0
7544,53
7545,57
7546,69
7547,82
7548,17
7549,5
7550,44
7551,96
7552,22
7553,22
7554,25
7555,76
7556,6
7557,78
7558,43
7559,26
7560,25
7561,96
7562,78
7563,35
7564,54
7565,63
7566,90
7567,56
7568,68
7569,60
7570,1
7571,54
7572,96
7573,79
7574,86
7575,37
7576,79
7577,77
7578,28
7579,25
7580,34
7581,78
7582,66
7583,86
7584,28
7585,33
7586,96
7587,40
7588,40
7589,22
7590,70
7591,2
7592,57
7593,31
7594,30
7595,81
7596,42
7597,6
7598,0
7599,60
7600,13
7601,51
7602,95
7603,5
7604,9
7605,70
7606,89
7607,97
7608,29
7609,99
7610,20
7611,59
7612,80
7613,96
7614,73
7615,62
7616,41
7617,50
7618,63
7619,75
7620,55
7621,79
7622,40
7623,31
7624,14
7625,61
7626,26
7627,27
7628,80
7629,63
7630,58
7631,57
7632,1
7633,35
7634,70
7635,12
7636,14
7637,88
7638,86
7639,59
7640,21
7641,62
7642,89
7643,96
7644,74
7645,73
7646,24
7647,47
7648,42
7649,37
7650,40
7651,44
7652,87
7653,39
7654,96
7655,16
7656,87
7657,56
7658,1
7659,95
7660,61
7661,87
7662,8
7663,67
7664,80
7665,16
7666,49
7667,93
7668,39
7669,57
7670,74
7671,84
7672,20
7673,17
7674,54
7675,28
7676,23
7677,73
7678,16
7679,17
7680,41
7681,83
7682,44
7683,81
7684,16
7685,72
7686,13
7687,48
7688,28
7689,94
7690,3
7691,81
7692,19
7693,46
7694,8
7695,76
7696,78
7697,26
7698,14
7699,91
7700,18
7701,89
7702,51
7703,25
7704,88
7705,25
7706,25
7707,45
7708,91
7709,48
7710,81
7711,95
7712,52
7713,2
7714,65
7715,96
7716,41
7717,18
7718,16
7719,32
7720,75
7721,48
7722,55
7723,62
7724,2
7725,48
7726,54
7727,25
7728,98
7729,71
7730,51
7731,99
7732,6
7733,45
7734,45
7735,99
7736,15
7737,23
7738,60
7739,53
7740,61
7741,0
7742,48
7743,24
7744,9
7745,79
7746,15
7747,57
7748,71
7749,28
7750,91
7751,5
7752,15
7753,19
7754,79
7755,70
7756,77
7757,42
7758,25
7759,89
7760,77
7761,70
7762,32
7763,25
7764,44
7765,83
7766,62
7767,66
7768,51
7769,67
7770,25
7771,74
7772,1
7773,13
7774,29
7775,48
7776,11
7777,89
7778,43
7779,32
7780,12
7781,77
7782,87
7783,97
7784,25
7785,20
7786,27
7787,47
7788,99
7789,39
7790,65
7791,72
7792,86
7793,78
7794,76
7795,22
7796,80
7797,47
7798,1
7799,83
7800,19
7801,58
7802,45
7803,2
7804,54
7805,11
7806,39
7807,65
7808,99
7809,77
7810,15
7811,82
7812,33
7813,43
7814,5
7815,76
7816,63
7817,99
7818,21
7819,17
7820,11
7821,51
7822,93
7823,50
7824,70
7825,95
7826,47
7827,18
7828,5
7829,83
7830,26
7831,52
7832,47
7833,6
7834,58
7835,68
7836,10
7837,14
7838,63
7839,2
7840,68
7841,22
7842,52
7843,36
7844,8
7845,14
7846,2
7847,92
7848,69
7849,16
7850,25
7851,20
7852,71
7853,20
7854,10
7855,37
7856,71
7857,87
7858,34
7859,13
7860,13
7861,9
7862,11
7863,37
7864,33
7865,40
7866,9
7867,16
7868,16
7869,66
7870,61
7871,94
7872,0
7873,11
7874,3
7875,41
7876,12
7877,97
7878,84
7879,85
7880,3
7881,81
7882,68
7883,18
7884,1
7885,11
7886,80
7887,73
7888,97
7889,5
7890,7
7891,50
7892,10
7893,62
7894,56
7895,11
7896,72
7897,1
7898,7
7899,10
7900,52
7901,99
7902,9
7903,84
7904,83
7905,7
7906,35
7907,92
7908,75
7909,13
7910,53
7911,84
7912,85
7913,20
7914,49
7915,93
7916,38
7917,19
7918,87
7919,86
7920,6
7921,8
7922,0
7923,25
7924,37
7925,37
7926,60
7927,43
7928,85
7929,43
7930,73
7931,61
7932,5
7933,16
7934,50
7935,37
7936,23
7937,50
7938,9
7939,71
7940,20
7941,69
7942,84
7943,56
7944,38
7945,87
7946,32
7947,58
7948,17
7949,55
7950,91
7951,56
7952,95
7953,75
7954,47
7955,41
7956,26
7957,73
7958,51
7959,41
7960,31
7961,25
7962,24
7963,74
7964,22
7965,97
7966,56
7967,51
7968,86
7969,92
7970,30
7971,63
7972,70
7973,32
7974,84
7975,1
7976,17
7977,46
7978,32
7979,97
7980,83
7981,34
7982,50
7983,17
7984,87
7985,71
7986,29
7987,43
7988,52
7989,9
7990,86
7991,51
7992,48
7993,10
7994,65
7995,57
7996,89
7997,35
7998,32
7999,46
8000,12
8001,39
8002,88
8003,67
8004,41
8005,18
8006,81
8007,93
8008,18
8009,57
8010,22
8011,53
8012,79
8013,64
8014,11
8015,23
8016,33
8017,52
8018,7
8019,17
8020,56
8021,4
8022,25
8023,29
8024,53
8025,12
8026,82
8027,28
8028,2
8029,89
8030,57
8031,75
8032,1
8033,74
8034,27
8035,81
8036,76
8037,85
8038,75
8039,1
8040,6
8041,25
8042,89
8043,87
8044,75
8045,15
8046,22
8047,39
8048,59
8049,72
8050,31
8051,14
8052,12
8053,4
8054,74
8055,73
8056,51
8057,76
8058,40
8059,52
8060,49
8061,14
8062,6
8063,39
8064,27
8065,31
8066,98
8067,14
8068,99
8069,84
8070,69
8071,64
8072,3
8073,10
8074,25
8075,60
8076,36
8077,22
8078,92
8079,84
8080,90
8081,39
8082,76
8083,22
8084,15
8085,93
8086,60
8087,67
8088,79
8089,30
8090,52
8091,24
8092,43
8093,11
8094,89
8095,96
8096,91
8097,8
8098,11
8099,68
8100,53
8101,53
8102,27
8103,55
8104,98
8105,68
8106,97
8107,97
8108,76
8109,57
8110,77
8111,74
8112,41
8113,37
8114,67
8115,52
8116,32
8117,70
8118,55
8119,71
8120,50
8121,73
8122,42
8123,14
8124,37
8125,14
8126,4
8127,92
8128,82
8129,53
8130,50
8131,9
8132,11
8133,3
8134,94
8135,17
8136,79
8137,35
8138,24
8139,86
8140,75
8141,97
8142,35
8143,66
8144,8
8145,60
8146,52
8147,17
8148,42
8149,34
8150,62
8151,97
8152,77
8153,3
8154,92
8155,40
8156,44
8157,49
8158,78
8159,27
8160,41
8161,79
8162,75
8163,68
8164,97
8165,0
8166,38
8167,95
8168,89
8169,16
8170,90
8171,87
8172,34
8173,45
8174,41
8175,38
8176,89
8177,48
8178,61
8179,37
8180,22
8181,21
8182,3
8183,48
8184,58
8185,72
8186,67
8187,70
8188,86
8189,1
8190,48
8191,87
8192,94
8193,30
8194,39
8195,47
8196,50
8197,42
8198,97
8199,54
8200,87
8201,48
8202,89
8203,79
8204,56
8205,76
8206,14
8207,26
8208,67
8209,79
8210,63
8211,93
8212,29
8213,35
8214,66
8215,85
8216,85
8217,48
8218,75
8219,54
8220,84
8221,55
8222,67
8223,94
8224,43
8225,30
8226,57
8227,86
8228,52
8229,83
8230,78
8231,22
8232,27
8233,15
8234,36
8235,20
8236,78
8237,16
8238,36
8239,76
8240,18
8241,29
8242,44
8243,17
8244,77
8245,61
8246,35
8247,99
8248,83
8249,51
8250,18
8251,43
8252,6
8253,43
8254,67
8255,33
8256,65
8257,68
8258,54
8259,9
8260,95
8261,41
8262,40
8263,76
8264,68
8265,9
8266,9
8267,90
8268,59
8269,50
8270,20
8271,7
8272,64
8273,91
8274,77
8275,84
8276,29
8277,84
8278,48
8279,8
8280,16
8281,68
8282,57
8283,56
8284,61
8285,94
8286,51
8287,60
8288,39
8289,37
8290,42
8291,62
8292,18
8293,99
8294,49
8295,32
8296,12
8297,77
8298,96
8299,61
8300,92
8301,42
8302,48
8303,35
8304,9
8305,94
8306,5
8307,56
8308,0
8309,70
8310,57
8311,90
8312,20
8313,91
8314,79
8315,55
8316,86
8317,19
8318,53
8319,24
8320,27
8321,4
8322,20
8323,17
8324,46
8325,69
8326,56
8327,92
8328,18
8329,96
8330,64
8331,2
8332,41
8333,20
8334,98
8335,39
8336,66
8337,24
8338,54
8339,83
8340,51
8341,43
8342,97
8343,84
8344,55
8345,54
8346,86
8347,69
8348,76
8349,86
8350,72
8351,80
8352,65
8353,18
8354,82
8355,6
8356,62
8357,41
8358,41
8359,58
8360,19
8361,72
8362,16
8363,26
8364,46
8365,1
8366,62
8367,61
8368,99
8369,18
8370,16
8371,68
8372,38
8373,81
8374,70
8375,80
8376,38
8377,35
8378,39
8379,44
8380,3
8381,24
8382,68
8383,29
8384,75
8385,67
8386,87
8387,28
8388,72
8389,67
8390,50
8391,23
8392,13
8393,68
8394,17
8395,41
8396,56
8397,82
8398,11
8399,81
8400,16
8401,29
8402,87
8403,74
8404,98
8405,22
8406,80
8407,0
8408,78
8409,31
8410,8
8411,14
8412,27
8413,23
8414,59
8415,34
8416,85
8417,26
8418,82
8419,75
8420,19
8421,64
8422,84
8423,48
8424,0
8425,9
8426,46
8427,58
8428,95
8429,61
8430,85
8431,17
8432,45
8433,31
8434,26
8435,91
8436,17
8437,38
8438,48
8439,92
8440,81
8441,43
8442,71
8443,53
8444,94
8445,33
8446,70
8447,35
8448,17
8449,37
8450,58
8451,8
8452,72
8453,71
8454,50
8455,34
8456,81
8457,4
8458,13
8459,91
8460,29
8461,3
8462,38
8463,83
8464,63
8465,24
8466,27
8467,75
8468,65
8469,77
8470,21
8471,30
8472,22
8473,47
8474,19
8475,37
8476,54
8477,67
8478,78
8479,87
8480,88
8481,0
8482,6
8483,56
8484,94
8485,11
8486,4
8487,49
8488,41
8489,11
8490,17
8491,65
8492,73
8493,78
8494,93
8495,16
8496,67
8497,70
8498,61
8499,40
8500,94
8501,33
8502,69
8503,44
8504,57
8505,50
8506,33
8507,43
8508,14
8509,77
8510,69
8511,49
8512,31
8513,66
8514,2
8515,85
8516,85
8517,73
8518,50
8519,66
8520,75
8521,92
8522,47
8523,16
8524,6
8525,12
8526,65
8527,3
8528,9
8529,87
8530,16
8531,51
8532,5
8533,82
8534,68
8535,95
8536,73
8537,8
8538,90
8539,76
8540,82
8541,20
8542,23
8543,3
8544,23
8545,58
8546,98
8547,2
8548,67
8549,39
8550,47
8551,53
8552,34
8553,94
8554,55
8555,88
8556,39
8557,76
8558,67
8559,45
8560,77
8561,12
8562,26
8563,5
8564,16
8565,35
8566,98
8567,80
8568,1
8569,76
8570,51
8571,65
8572,51
8573,91
8574,42
8575,89
8576,21
8577,54
8578,66
8579,98
8580,59
8581,57
8582,11
8583,87
8584,68
8585,83
8586,38
8587,12
8588,40
8589,56
8590,52
8591,11
8592,12
8593,73
8594,96
8595,56
8596,39
8597,79
8598,44
8599,34
8600,2
8601,4
8602,89
8603,10
8604,70
8605,55
8606,9
8607,33
8608,66
8609,71
8610,30
8611,74
8612,70
8613,65
8614,69
8615,40
8616,62
8617,31
8618,19
8619,56
8620,97
8621,49
8622,79
8623,24
8624,11
8625,70
8626,38
8627,16
8628,44
8629,10
8630,69
8631,22
8632,90
8633,69
8634,37
8635,1
8636,85
8637,83
8638,88
8639,78
8640,92
8641,71
8642,36
8643,48
8644,51
8645,32
8646,21
8647,4
8648,17
8649,37
8650,36
8651,93
8652,94
8653,63
8654,9
8655,78
8656,41
8657,47
8658,43
8659,81
8660,86
8661,96
8662,15
8663,53
8664,34
8665,97
8666,27
8667,1
8668,93
8669,12
8670,40
8671,79
8672,58
8673,68
8674,91
8675,52
8676,44
8677,19
8678,23
8679,60
8680,90
8681,93
8682,57
8683,26
8684,25
8685,6
8686,41
8687,46
8688,52
8689,58
8690,37
8691,68
8692,86
8693,91
8694,97
8695,52
8696,14
8697,95
8698,25
8699,47
8700,94
8701,18
8702,8
8703,63
8704,92
8705,53
8706,50
8707,38
8708,3
8709,2
8710,63
8711,28
8712,10
8713,96
8714,57
8715,74
8716,26
8717,96
8718,20
8719,38
8720,94
8721,45
8722,65
8723,90
8724,35
8725,74
8726,81
8727,64
8728,62
8729,98
8730,34
8731,30
8732,27
8733,0
8734,24
8735,42
8736,83
8737,66
8738,62
8739,50
8740,1
8741,81
8742,63
8743,73
8744,68
8745,8
8746,1
8747,33
8748,59
8749,60
8750,30
8751,9
8752,75
8753,35
8754,84
8755,48
8756,69
8757,48
8758,2
8759,73
8760,4
8761,89
8762,60
8763,84
8764,89
8765,25
8766,71
8767,4
8768,14
8769,15
8770,0
8771,15
8772,36
8773,2
8774,51
8775,46
8776,94
8777,12
8778,79
8779,54
8780,20
8781,65
8782,53
8783,26
8784,37
8785,89
8786,57
8787,61
8788,45
8789,88
8790,10
8791,71
8792,7
8793,96
8794,70
8795,63
8796,20
8797,71
8798,62
8799,84
8800,63
8801,19
8802,7
8803,57
8804,45
8805,30
8806,92
8807,8
8808,14
8809,93
8810,25
8811,9
8812,28
8813,79
8814,35
8815,83
8816,36
8817,85
8818,70
8819,22
8820,40
8821,92
8822,79
8823,27
8824,47
8825,37
8826,30
8827,13
8828,96
8829,72
8830,90
8831,87
8832,76
8833,89
8834,28
8835,50
8836,48
8837,42
8838,91
8839,91
8840,71
8841,86
8842,92
8843,4
8844,41
8845,6
8846,41
8847,35
8848,26
8849,57
8850,45
8851,65
8852,24
8853,72
8854,26
8855,0
8856,86
8857,73
8858,41
8859,51
8860,24
8861,53
8862,66
8863,5
8864,57
8865,69
8866,52
8867,65
8868,57
8869,81
8870,86
8871,1
8872,75
8873,21
8874,36
8875,19
8876,23
8877,83
8878,64
8879,64
8880,80
8881,0
8882,93
8883,2
8884,45
8885,54
8886,74
8887,87
8888,85
8889,63
8890,44
8891,25
8892,76
8893,64
8894,23
8895,73
8896,34
8897,23
8898,27
8899,99
8900,79
8901,15
8902,58
8903,80
8904,53
8905,78
8906,15
8907,14
8908,97
8909,10
8910,64
8911,78
8912,89
8913,67
8914,42
8915,68
8916,98
8917,12
8918,9
8919,74
8920,81
8921,97
8922,40
8923,49
8924,86
8925,70
8926,58
8927,38
8928,2
8929,75
8930,6
8931,48
8932,25
8933,32
8934,47
8935,78
8936,1
8937,70
8938,31
8939,3
8940,19
8941,35
8942,31
8943,27
8944,76
8945,0
8946,59
8947,55
8948,34
8949,29
8950,53
8951,35
8952,54
8953,88
8954,79
8955,57
8956,82
8957,64
8958,68
8959,50
8960,21
8961,87
8962,52
8963,99
8964,35
8965,67
8966,35
8967,51
8968,52
8969,81
8970,49
8971,79
8972,40
8973,17
8974,21
8975,65
8976,20
8977,99
8978,43
8979,46
8980,38
8981,28
8982,53
8983,89
8984,84
8985,16
8986,79
8987,59
8988,30
8989,72
8990,94
8991,77
8992,48
8993,1
8994,47
8995,13
8996,58
8997,96
8998,98
8999,57
9000,57
9001,50
9002,83
9003,1
9004,40
9005,82
9006,81
9007,15
9008,3
9009,11
9010,28
9011,6
9012,13
9013,11
9014,98
9015,4
9016,80
9017,31
9018,73
9019,42
9020,80
9021,68
9022,44
9023,8
9024,48
9025,32
9026,99
9027,99
9028,17
9029,8
9030,61
9031,56
9032,28
9033,77
9034,24
9035,14
9036,5
9037,41
9038,28
9039,78
9040,92
9041,3
9042,81
9043,56
9044,48
9045,43
9046,79
9047,74
9048,13
9049,2
9050,61
9051,63
9052,44
9053,81
9054,57
9055,19
9056,57
9057,88
9058,56
9059,76
9060,67
9061,77
9062,96
9063,91
9064,51
9065,36
9066,7
9067,43
9068,97
9069,4
9070,68
9071,30
9072,44
9073,8
9074,31
9075,32
9076,66
9077,29
9078,75
9079,28
9080,2
9081,89
9082,56
9083,29
9084,8
9085,25
9086,1
9087,61
9088,2
9089,45
9090,67
9091,24
9092,50
9093,12
9094,43
9095,34
9096,54
9097,86
9098,8
9099,1
9100,60
9101,40
9102,43
9103,63
9104,30
9105,46
9106,1
9107,95
9108,81
9109,76
9110,68
9111,57
9112,43
9113,73
9114,55
9115,42
9116,88
9117,33
9118,29
9119,70
9120,69
9121,54
9122,66
9123,12
9124,2
9125,25
9126,56
9127,23
9128,52
9129,69
9130,42
9131,59
9132,57
9133,48
9134,41
9135,75
9136,99
9137,65
9138,10
9139,97
9140,89
9141,17
9142,84
9143,99
9144,51
9145,45
9146,43
9147,21
9148,52
9149,58
9150,93
9151,29
9152,7
9153,97
9154,56
9155,72
9156,19
9157,24
9158,18
9159,4
9160,74
9161,78
9162,71
9163,82
9164,86
9165,26
9166,39
9167,95
9168,25
9169,26
9170,61
9171,82
9172,49
9173,41
9174,28
9175,38
9176,59
9177,40
9178,32
9179,82
9180,82
9181,96
9182,15
9183,22
9184,6
9185,25
9186,95
9187,11
9188,71
9189,4
9190,91
9191,68
9192,48
9193,25
9194,4
9195,21
9196,78
9197,12
9198,27
9199,32
9200,22
9201,96
9202,17
9203,29
9204,25
9205,15
9206,76
9207,38
9208,32
9209,25
9210,47
9211,64
9212,37
9213,1
9214,5
9215,45
9216,49
9217,37
9218,87
9219,17
9220,26
9221,40
9222,71
9223,91
9224,73
9225,16
9226,61
9227,28
9228,57
9229,69
9230,77
9231,21
9232,5
9233,25
9234,38
9235,11
9236,98
9237,13
9238,21
9239,50
9240,22
9241,47
9242,70
9243,49
9244,88
9245,12
9246,84
9247,9
9248,54
9249,8
9250,78
9251,51
9252,1
9253,24
9254,12
9255,97
9256,50
9257,57
9258,33
9259,34
9260,2
9261,58
9262,69
9263,47
9264,63
9265,18
9266,66
9267,81
9268,72
9269,75
9270,4
9271,66
9272,10
9273,93
9274,67
9275,68
9276,0
9277,90
9278,91
9279,62
9280,28
9281,81
9282,11
9283,76
9284,40
9285,1
9286,36
9287,44
9288,79
9289,47
9290,23
9291,98
9292,21
9293,99
9294,10
9295,57
9296,45
9297,28
9298,34
9299,14
9300,59
9301,94
9302,41
9303,42
9304,79
9305,73
9306,48
9307,63
9308,31
9309,63
9310,1
9311,23
9312,86
9313,65
9314,37
9315,30
9316,25
9317,28
9318,66
9319,77
9320,24
9321,47
9322,64
9323,52
9324,66
9325,89
9326,17
9327,8
9328,37
9329,86
9330,20
9331,64
9332,20
9333,26
9334,69
9335,43
9336,99
9337,27
9338,44
9339,16
9340,39
9341,2
9342,75
9343,75
9344,65
9345,45
9346,85
9347,86
9348,29
9349,68
9350,8
9351,84
9352,10
9353,68
9354,98
9355,90
9356,65
9357,87
9358,30
9359,32
9360,38
9361,93
9362,45
9363,36
9364,91
9365,59
9366,30
9367,10
9368,86
9369,1
9370,26
9371,98
9372,1
9373,20
9374,57
9375,4
9376,51
9377,44
9378,84
9379,92
9380,19
9381,60
9382,37
9383,19
9384,24
9385,1
9386,31
9387,25
9388,69
9389,40
9390,66
9391,96
9392,0
9393,50
9394,4
9395,12
9396,18
9397,11
9398,47
9399,24
9400,56
9401,34
9402,75
9403,93
9404,4
9405,97
9406,21
9407,76
9408,56
9409,46
9410,53
9411,2
9412,52
9413,83
9414,30
9415,68
9416,87
9417,32
9418,71
9419,87
9420,49
9421,83
9422,15
9423,75
9424,76
9425,38
9426,88
9427,45
9428,95
9429,87
9430,46
9431,43
9432,8
9433,86
9434,49
9435,76
9436,59
9437,95
9438,14
9439,35
9440,62
9441,68
9442,85
9443,79
9444,40
9445,73
9446,23
9447,81
9448,48
9449,17
9450,6
9451,3
9452,89
9453,68
9454,59
9455,54
9456,15
9457,98
9458,89
9459,81
9460,28
9461,22
9462,13
9463,78
9464,48
9465,32
9466,24
9467,20
9468,16
9469,22
9470,56
9471,80
9472,57
9473,13
9474,92
9475,19
9476,29
9477,18
9478,52
9479,55
9480,76
9481,81
9482,22
9483,61
9484,32
9485,17
9486,72
9487,32
9488,31
9489,60
9490,53
9491,16
9492,18
9493,90
9494,69
9495,98
9496,33
9497,83
9498,24
9499,67
9500,73
9501,73
9502,87
9503,84
9504,10
9505,90
9506,15
9507,89
9508,60
9509,93
9510,79
9511,6
9512,15
9513,98
9514,15
9515,39
9516,11
9517,34
9518,20
9519,49
9520,42
9521,99
9522,16
9523,31
9524,40
9525,5
9526,87
9527,26
9528,19
9529,24
9530,65
9531,8
9532,91
9533,52
9534,60
9535,37
9536,2
9537,83
9538,69
9539,96
9540,54
9541,0
9542,69
9543,44
9544,97
9545,46
9546,78
9547,25
9548,13
9549,53
9550,70
9551,45
9552,30
9553,87
9554,58
9555,94
9556,28
9557,95
9558,16
9559,13
9560,35
9561,57
9562,23
9563,62
9564,90
9565,24
9566,58
9567,31
9568,81
9569,17
9570,36
9571,25
9572,8
9573,98
9574,63
9575,71
9576,19
9577,53
9578,85
9579,82
9580,29
9581,52
9582,91
9583,98
9584,62
9585,10
9586,30
9587,48
9588,99
9589,93
9590,86
9591,18
9592,11
9593,14
9594,30
9595,42
9596,36
9597,78
9598,28
9599,25
9600,1
9601,83
9602,14
9603,3
9604,85
9605,49
9606,37
9607,22
9608,58
9609,89
9610,74
9611,27
9612,65
9613,7
9614,28
9615,10
9616,17
9617,54
9618,49
9619,13
9620,73
9621,98
9622,8
9623,98
9624,10
9625,62
9626,75
9627,66
9628,52
9629,38
9630,77
9631,55
9632,27
9633,74
9634,38
9635,24
9636,20
9637,9
9638,42
9639,14
9640,82
9641,47
9642,85
9643,20
9644,59
9645,95
9646,49
9647,22
9648,12
9649,68
9650,3
9651,91
9652,77
9653,71
9654,8
9655,34
9656,20
9657,57
9658,17
9659,96
9660,71
9661,80
9662,42
9663,94
9664,97
9665,5
9666,85
9667,77
9668,66
9669,11
9670,99
9671,11
9672,65
9673,1
9674,14
9675,22
9676,28
9677,80
9678,95
9679,6
9680,93
9681,27
9682,13
9683,43
9684,29
9685,80
9686,31
9687,69
9688,87
9689,5
9690,26
9691,81
9692,87
9693,23
9694,33
9695,39
9696,46
9697,78
9698,74
9699,85
9700,23
9701,64
9702,17
9703,43
9704,75
9705,56
9706,27
9707,70
9708,22
9709,84
9710,33
9711,10
9712,85
9713,34
9714,92
9715,41
9716,27
9717,81
9718,77
9719,81
9720,91
9721,23
9722,7
9723,52
9724,71
9725,3
9726,90
9727,99
9728,4
9729,96
9730,48
9731,97
9732,29
9733,71
9734,62
9735,46
9736,25
9737,56
9738,36
9739,97
9740,6
9741,39
9742,91
9743,38
9744,61
9745,91
9746,77
9747,52
9748,3
9749,81
9750,24
9751,6
9752,27
9753,68
9754,66
9755,94
9756,19
9757,82
9758,10
9759,66
9760,86
9761,6
9762,22
9763,60
9764,70
9765,33
9766,18
9767,57
9768,8
9769,47
9770,81
9771,40
9772,47
9773,44
9774,24
9775,77
9776,24
9777,18
9778,38
9779,78
9780,79
9781,26
9782,73
9783,62
9784,67
9785,18
9786,27
9787,84
9788,77
9789,32
9790,9
9791,82
9792,29
9793,21
9794,2
9795,81
9796,74
9797,47
9798,1
9799,75
9800,53
9801,5
9802,39
9803,92
9804,93
9805,1
9806,72
9807,1
9808,92
9809,96
9810,73
9811,97
9812,54
9813,71
9814,59
9815,96
9816,5
9817,18
9818,95
9819,26
9820,0
9821,32
9822,39
9823,31
9824,68
9825,16
9826,7
9827,56
9828,41
9829,97
9830,8
9831,86
9832,34
9833,70
9834,78
9835,52
9836,53
9837,83
9838,24
9839,66
9840,61
9841,54
9842,45
9843,23
9844,97
9845,45
9846,21
9847,10
9848,47
9849,7
9850,38
9851,34
9852,48
9853,45
9854,37
9855,7
9856,53
9857,36
9858,90
9859,91
9860,39
9861,33
9862,95
9863,78
9864,16
9865,32
9866,46
9867,51
9868,79
9869,92
9870,8
9871,32
9872,59
9873,92
9874,76
9875,20
9876,57
9877,84
9878,68
9879,9
9880,5
9881,12
9882,64
9883,19
9884,56
9885,45
9886,7
9887,9
9888,72
9889,66
9890,10
9891,11
9892,9
9893,24
9894,48
9895,48
9896,88
9897,10
9898,61
9899,35
9900,38
9901,52
9902,89
9903,77
9904,55
9905,0
9906,55
9907,3
9908,29
9909,11
9910,34
9911,76
9912,51
9913,30
9914,86
9915,67
9916,51
9917,79
9918,6
9919,21
9920,92
9921,74
9922,55
9923,96
9924,57
9925,92
9926,63
9927,11
9928,6
9929,54
9930,61
9931,89
9932,72
9933,97
9934,76
9935,54
9936,35
9937,88
9938,23
9939,43
9940,16
9941,1
9942,12
9943,30
9944,92
9945,27
9946,59
9947,26
9948,14
9949,94
9950,78
9951,32
9952,19
9953,41
9954,11
9955,72
9956,22
9957,71
9958,95
9959,13
9960,90
9961,24
9962,76
9963,84
9964,30
9965,53
9966,4
9967,12
9968,27
9969,42
9970,88
9971,98
9972,46
9973,70
9974,37
9975,95
9976,66
9977,61
9978,38
9979,36
9980,85
9981,7
9982,80
9983,51
9984,90
9985,32
9986,80
9987,41
9988,75
9989,26
9990,7
9991,22
9992,63
9993,92
9994,19
9995,15
9996,16
9997,79
9998,18
9999,7
